Date,05T,59T,61T,50T,52T,53T,54T,08T,19T,27T,24T,26T,79T,46T,30T,32T,77T,35T,36T,40T,75T,76T,44T,62T,63T,80T
2017_01_01,33.0,21.0,28.0,29.0,34.0,29.0,29.0,28.0,28.0,27.0,17.0,24.0,27.25,,17.0,21.0,18.0,30.0,30.0,21.0,16.0,20.0,7.0,7.0,7.0,
2017_01_02,28.0,19.0,27.0,26.5,32.0,26.5,26.5,26.0,26.0,25.0,17.0,25.0,25.375,,21.0,24.0,15.0,11.333333333333334,11.333333333333334,11.0,5.0,18.0,9.0,9.0,9.0,
2017_01_03,31.0,19.0,32.0,29.0,34.0,29.0,29.0,28.0,28.0,36.0,22.0,28.0,28.75,,15.0,19.0,19.0,13.0,13.0,12.0,4.0,21.0,6.0,6.0,6.0,
2017_01_04,37.0,21.0,34.0,32.25,37.0,32.25,32.25,28.0,28.0,49.0,32.0,35.0,33.145833333333336,37.0,22.0,24.0,21.0,19.0,19.0,10.0,2.0,18.0,5.0,5.0,5.0,
2017_01_05,45.0,29.0,40.0,39.75,45.0,39.75,39.75,34.0,34.0,48.0,34.0,39.0,38.9375,42.0,23.0,24.0,29.0,9.5,9.5,7.0,9.5,12.0,7.0,7.0,7.0,
2017_01_06,43.0,27.0,38.0,38.0,44.0,38.0,38.0,36.0,36.0,38.0,31.0,31.0,36.5,37.0,27.0,34.0,20.0,13.0,13.0,7.0,5.0,10.0,5.0,5.0,5.0,
2017_01_07,46.0,30.0,42.0,42.5,52.0,42.5,42.5,41.0,41.0,50.0,57.0,36.0,43.541666666666664,50.0,37.5,42.0,33.0,22.0,15.0,10.0,6.0,16.0,5.5,5.5,5.5,
2017_01_08,43.0,35.0,43.0,42.5,49.0,42.5,42.5,39.0,39.0,51.0,59.0,40.0,43.791666666666664,47.5,26.0,27.0,25.0,28.0,23.0,12.0,6.0,29.0,6.0,6.0,6.0,
2017_01_09,35.0,27.0,33.0,33.5,39.0,33.5,33.5,30.0,30.0,58.0,71.0,33.0,38.041666666666664,45.0,25.0,20.0,30.0,28.0,28.0,16.0,6.0,24.0,10.0,10.0,10.0,
2017_01_10,36.0,38.0,41.0,41.5,51.0,41.5,41.5,45.0,45.0,30.0,79.0,14.0,41.958333333333336,42.5,34.0,34.0,34.0,20.0,20.0,12.0,5.0,17.0,12.0,12.0,12.0,
2017_01_11,25.0,17.0,24.0,23.75,29.0,23.75,23.75,26.0,26.0,17.0,70.0,10.0,26.270833333333332,40.0,19.0,20.0,18.0,12.0,12.0,6.0,10.5,12.0,10.0,10.0,10.0,
2017_01_12,19.0,17.0,22.0,19.25,19.0,19.25,19.25,19.0,19.0,8.0,47.0,9.0,19.729166666666668,57.0,13.0,13.0,22.0,18.0,12.0,10.0,13.0,12.0,12.0,12.0,12.0,
2017_01_13,29.0,20.0,30.0,26.5,27.0,26.5,26.5,25.0,25.0,13.0,59.0,12.0,26.625,45.0,21.0,14.0,30.0,21.0,14.0,14.0,6.0,24.0,14.0,14.0,14.0,
2017_01_14,46.0,31.0,39.0,40.0,44.0,40.0,40.0,39.0,39.0,39.0,75.0,27.0,41.583333333333336,36.0,28.0,32.5,37.0,26.0,14.0,14.0,8.0,32.0,18.0,18.0,18.0,
2017_01_15,62.0,40.0,51.0,51.75,54.0,51.75,51.75,60.0,60.0,58.0,58.0,38.0,53.020833333333336,32.66666666666667,36.5,40.0,33.0,27.0,18.0,17.0,8.0,33.0,14.0,14.0,14.0,
2017_01_16,43.0,28.0,38.0,37.75,42.0,37.75,37.75,35.0,35.0,51.0,46.0,49.0,40.020833333333336,29.333333333333336,28.0,20.0,26.0,32.0,19.0,18.0,9.0,31.0,12.0,12.0,12.0,
2017_01_17,36.0,23.0,35.0,32.5,36.0,32.5,32.5,31.0,31.0,47.0,63.0,53.0,37.708333333333336,26.0,16.0,16.0,23.0,35.0,26.0,24.0,9.0,46.0,6.0,6.0,6.0,
2017_01_18,46.0,32.0,40.0,40.0,42.0,40.0,40.0,34.0,34.0,50.0,51.0,33.0,40.166666666666664,31.5,23.0,20.0,26.0,37.0,25.0,24.0,12.0,40.0,10.0,10.0,10.0,
2017_01_19,42.0,41.0,38.0,42.0,47.0,42.0,42.0,34.0,34.0,66.0,48.0,43.0,43.25,37.0,29.0,22.0,32.0,36.0,33.0,20.0,10.0,33.0,11.0,11.0,11.0,
2017_01_20,40.0,29.0,36.0,35.25,36.0,35.25,35.25,36.0,36.0,61.0,43.0,47.0,39.145833333333336,24.0,30.0,22.0,28.0,32.0,27.0,20.0,12.0,30.0,12.0,12.0,12.0,
2017_01_21,37.0,27.0,34.0,33.25,35.0,33.25,33.25,30.0,30.0,51.0,31.0,48.0,35.229166666666664,26.666666666666664,26.0,20.0,28.0,34.0,29.0,18.0,11.0,28.0,13.0,13.0,13.0,
2017_01_22,31.0,23.0,28.0,28.25,31.0,28.25,28.25,24.0,24.0,33.0,25.0,37.0,28.395833333333332,29.333333333333332,21.0,16.0,21.0,27.0,21.0,16.0,7.0,35.0,13.0,13.0,13.0,
2017_01_23,38.0,25.0,32.0,32.5,35.0,32.5,32.5,29.0,29.0,44.0,29.0,37.0,32.958333333333336,32.0,21.0,19.0,27.0,29.0,24.0,16.0,9.0,27.0,10.0,10.0,10.0,
2017_01_24,43.0,34.0,40.0,40.75,46.0,40.75,40.75,37.0,37.0,53.0,32.0,39.0,40.270833333333336,41.0,21.0,26.0,30.0,34.0,21.0,18.0,9.0,31.0,16.0,16.0,16.0,
2017_01_25,55.0,45.0,48.0,51.25,57.0,51.25,51.25,49.0,49.0,57.0,39.0,42.0,49.5625,28.0,33.0,34.0,56.0,32.0,19.0,18.0,10.0,33.0,14.0,14.0,14.0,
2017_01_26,35.0,32.0,32.0,35.75,44.0,35.75,35.75,29.0,29.0,54.0,33.0,34.0,35.770833333333336,28.5,16.0,16.0,27.0,30.0,15.0,22.0,10.0,31.0,9.0,9.0,9.0,
2017_01_27,38.0,27.0,35.0,35.75,43.0,35.75,35.75,32.0,32.0,44.0,37.0,36.0,35.9375,29.0,17.0,20.0,25.0,33.0,20.0,16.0,11.0,36.0,11.666666666666668,11.666666666666668,11.666666666666668,
2017_01_28,45.0,29.0,39.0,39.5,45.0,39.5,39.5,39.0,39.0,44.0,42.0,41.0,40.125,35.0,20.0,23.0,36.0,32.0,24.0,17.0,11.0,42.0,14.333333333333332,14.333333333333332,14.333333333333332,
2017_01_29,58.0,47.0,53.0,55.0,62.0,55.0,55.0,57.0,57.0,53.0,80.0,44.0,56.333333333333336,64.0,40.0,38.0,42.0,39.0,28.0,32.0,15.0,28.5,17.0,17.0,17.0,
2017_01_30,55.0,45.0,51.0,52.25,58.0,52.25,52.25,52.0,52.0,52.0,82.0,48.0,54.3125,62.0,48.5,42.0,55.0,40.0,28.0,36.0,16.0,47.0,20.0,20.0,20.0,
2017_01_31,52.0,46.0,50.0,51.5,58.0,51.5,51.5,52.0,52.0,59.0,44.0,55.0,51.875,33.0,42.0,36.0,48.0,52.0,40.0,37.0,17.0,57.0,13.0,13.0,13.0,
2017_02_01,58.0,40.0,47.0,49.75,54.0,49.75,49.75,49.0,49.0,71.0,59.0,51.0,52.270833333333336,44.0,36.0,31.0,41.0,51.0,39.0,33.0,17.0,48.0,13.0,13.0,13.0,
2017_02_02,49.0,48.0,50.0,51.5,59.0,51.5,51.5,45.0,45.0,67.0,35.0,45.0,49.791666666666664,24.0,30.5,30.0,31.0,44.0,33.0,21.0,17.0,45.0,23.0,23.0,23.0,
2017_02_03,23.0,16.0,24.0,21.0,21.0,21.0,21.0,19.0,19.0,22.0,38.0,44.0,24.083333333333332,31.5,11.0,17.0,23.0,39.0,26.0,24.0,13.0,37.0,24.0,24.0,24.0,
2017_02_04,43.0,28.0,38.0,36.0,35.0,36.0,36.0,37.0,37.0,57.0,46.0,44.0,39.416666666666664,39.0,35.0,35.0,35.0,36.0,27.0,25.0,14.0,39.0,9.0,9.0,9.0,
2017_02_05,56.0,45.0,49.0,51.75,57.0,51.75,51.75,50.0,50.0,53.0,65.0,43.0,51.9375,53.0,48.5,51.0,46.0,37.0,25.0,19.0,11.0,42.0,9.0,9.0,9.0,
2017_02_06,70.0,52.0,62.0,63.0,68.0,63.0,63.0,63.0,63.0,56.0,77.0,36.0,61.333333333333336,52.0,62.5,66.0,59.0,45.0,36.0,24.0,19.0,47.0,15.0,15.0,15.0,
2017_02_07,51.0,42.0,45.0,47.5,52.0,47.5,47.5,48.0,48.0,32.0,89.0,24.0,47.791666666666664,65.0,56.0,38.0,74.0,51.0,40.0,22.0,21.0,44.0,19.0,19.0,19.0,
2017_02_08,37.0,31.0,35.0,35.25,38.0,35.25,35.25,32.0,32.0,24.0,86.0,23.0,36.979166666666664,109.0,45.0,25.0,65.0,45.0,39.0,29.0,19.0,47.0,20.0,20.0,20.0,
2017_02_09,47.0,41.0,48.0,45.75,47.0,45.75,45.75,44.0,44.0,35.0,86.0,40.0,47.4375,56.0,23.0,28.0,60.0,46.0,41.0,34.0,23.0,51.0,18.0,18.0,18.0,
2017_02_10,50.0,43.0,53.0,49.5,52.0,49.5,49.5,48.0,48.0,41.0,64.0,62.0,50.791666666666664,34.0,52.0,41.0,63.0,50.0,40.0,47.0,31.0,65.0,16.0,16.0,16.0,
2017_02_11,54.0,42.0,51.0,49.75,52.0,49.75,49.75,52.0,52.0,65.0,39.0,68.0,52.020833333333336,33.0,43.0,47.0,46.0,59.0,47.0,44.0,20.0,58.0,14.0,14.0,14.0,
2017_02_12,45.0,38.0,51.0,46.25,51.0,46.25,46.25,39.0,39.0,39.0,31.0,66.0,44.8125,48.0,28.0,31.0,35.0,63.0,51.0,34.0,18.0,46.0,15.0,15.0,15.0,
2017_02_13,61.0,48.0,54.0,56.25,62.0,56.25,56.25,56.575,56.575,62.0,47.0,63.0,56.574999999999996,50.0,34.0,42.0,61.0,60.0,49.0,38.0,23.0,56.0,16.0,16.0,16.0,
2017_02_14,71.0,59.0,67.0,68.0,75.0,68.0,68.0,68.5,68.5,81.0,52.0,76.0,68.5,47.0,51.5,45.0,58.0,63.0,54.0,41.0,25.0,74.0,14.0,14.0,14.0,
2017_02_15,64.0,53.0,59.0,61.5,70.0,61.5,61.5,57.0,57.0,82.0,48.0,77.0,62.625,40.0,31.0,38.0,44.0,62.0,48.0,31.0,23.0,56.0,10.0,10.0,10.0,
2017_02_16,58.0,51.0,57.0,58.0,66.0,58.0,58.0,51.0,51.0,80.0,58.0,69.0,59.583333333333336,35.0,31.0,34.0,43.0,55.0,43.0,30.0,20.0,50.0,10.0,10.0,10.0,
2017_02_17,59.0,47.0,55.333333333333336,55.333333333333336,60.0,55.333333333333336,55.333333333333336,54.0,54.0,63.0,71.0,60.0,57.444444444444436,53.0,45.0,45.0,45.0,52.0,39.0,31.0,21.0,35.75,11.0,11.0,11.0,
2017_02_18,64.0,51.0,62.666666666666664,62.666666666666664,73.0,62.666666666666664,62.666666666666664,65.0,65.0,69.0,63.0,84.0,65.3888888888889,42.0,63.5,61.0,66.0,51.0,39.0,34.0,22.0,36.5,9.0,9.0,9.0,
2017_02_19,76.0,70.0,77.33333333333333,77.33333333333333,86.0,77.33333333333333,77.33333333333333,80.0,80.0,75.0,54.0,77.0,75.6111111111111,44.0,64.5,67.0,62.0,62.0,44.0,38.0,19.0,81.0,9.0,9.0,9.0,
2017_02_20,48.0,54.0,51.333333333333336,51.333333333333336,52.0,51.333333333333336,51.333333333333336,48.0,48.0,41.0,87.0,55.0,53.194444444444436,69.0,62.0,43.0,81.0,61.0,50.0,41.0,26.0,84.0,13.0,13.0,13.0,
2017_02_21,33.0,37.0,35.666666666666664,35.666666666666664,37.0,35.666666666666664,35.666666666666664,34.0,34.0,32.0,60.0,47.0,38.05555555555555,81.0,40.5,25.0,56.0,50.0,37.0,34.0,26.0,69.0,13.0,13.0,13.0,
2017_02_22,25.0,22.0,24.0,24.0,25.0,24.0,24.0,21.0,21.0,14.0,51.0,31.0,25.5,86.0,33.0,21.0,45.0,46.0,39.0,46.0,24.0,62.0,9.0,9.0,9.0,
2017_02_23,17.0,16.0,17.0,17.0,18.0,17.0,17.0,16.0,16.0,8.0,48.0,24.0,19.25,79.0,26.5,15.0,38.0,37.0,26.0,37.0,20.0,30.0,9.0,9.0,9.0,
2017_02_24,14.0,15.0,15.0,14.75,15.0,14.75,14.75,14.0,14.0,4.0,36.0,16.0,15.604166666666666,53.0,19.5,15.0,24.0,43.0,34.0,34.0,21.0,46.0,7.0,7.0,7.0,
2017_02_25,18.0,17.0,24.0,18.75,16.0,18.75,18.75,15.0,15.0,6.0,35.0,16.0,18.1875,47.333333333333336,17.0,17.0,25.0,42.0,38.0,41.0,22.0,45.0,9.0,9.0,9.0,
2017_02_26,22.0,24.0,27.0,23.75,22.0,23.75,23.75,20.0,20.0,6.0,40.0,20.0,22.6875,41.66666666666667,14.0,14.0,14.0,52.0,47.0,32.0,19.0,50.0,9.0,9.0,9.0,
2017_02_27,38.0,32.0,39.0,37.75,42.0,37.75,37.75,35.0,35.0,42.0,38.0,41.0,37.9375,36.0,25.0,25.0,25.0,49.0,41.0,36.0,22.0,52.0,8.0,8.0,8.0,
2017_02_28,62.0,56.0,60.0,62.25,71.0,62.25,62.25,62.0,62.0,70.0,56.0,66.0,62.645833333333336,38.0,38.0,48.0,55.0,48.0,39.0,40.0,22.0,53.0,10.0,10.0,10.0,
2017_03_01,61.0,50.0,57.0,58.75,67.0,58.75,58.75,57.0,57.0,60.0,70.0,76.0,60.9375,39.0,36.0,49.0,52.0,53.0,38.0,44.0,21.0,53.0,12.0,12.0,12.0,
2017_03_02,67.0,55.0,61.0,63.25,70.0,63.25,63.25,64.0,64.0,62.0,47.0,82.0,63.479166666666664,41.0,46.0,58.0,52.0,60.0,48.0,51.0,20.0,65.0,13.0,13.0,13.0,
2017_03_03,65.0,63.0,65.0,69.75,86.0,69.75,69.75,68.0,68.0,64.0,60.0,76.0,68.6875,62.0,66.0,57.0,68.0,78.0,67.0,51.0,23.0,73.0,13.0,13.0,13.0,
2017_03_04,44.0,48.0,48.0,47.5,50.0,47.5,47.5,41.0,41.0,33.0,79.0,59.0,48.791666666666664,77.0,48.0,43.0,76.0,61.0,48.0,67.0,33.0,58.0,16.0,16.0,16.0,
2017_03_05,34.0,36.0,37.0,36.25,38.0,36.25,36.25,33.0,33.0,30.0,51.0,41.0,36.8125,78.0,33.0,28.0,49.0,63.0,55.0,87.0,66.5,61.0,19.0,19.0,19.0,
2017_03_06,32.0,34.0,36.0,34.75,37.0,34.75,34.75,29.0,29.0,23.0,40.0,31.0,32.9375,85.0,27.0,27.0,37.0,67.0,54.0,84.0,63.0,47.0,22.0,22.0,22.0,
2017_03_07,28.0,28.0,30.0,28.75,29.0,28.75,28.75,26.0,26.0,16.0,44.0,33.0,28.854166666666668,71.0,30.0,25.0,37.0,67.0,54.0,85.0,46.0,48.0,23.0,23.0,23.0,
2017_03_08,29.0,32.0,31.0,30.75,31.0,30.75,30.75,30.0,30.0,18.0,45.0,26.0,30.354166666666668,52.0,26.0,28.0,42.0,72.0,61.0,73.0,46.0,41.0,16.0,16.0,16.0,
2017_03_09,28.0,30.0,29.0,29.0,29.0,29.0,29.0,26.0,26.0,17.0,42.0,25.0,28.25,48.5,21.0,21.0,32.0,47.0,42.0,52.0,35.0,28.0,12.0,12.0,12.0,
2017_03_10,23.0,24.0,23.0,22.75,21.0,22.75,22.75,20.0,20.0,10.0,32.0,21.0,21.854166666666668,45.0,19.0,18.0,31.0,50.0,36.0,40.0,26.0,22.0,10.0,10.0,10.0,
2017_03_11,25.0,22.0,23.0,23.5,24.0,23.5,23.5,21.0,21.0,12.0,42.0,30.0,24.208333333333332,53.0,25.0,21.0,33.0,45.0,34.0,48.0,22.0,28.0,13.0,13.0,13.0,
2017_03_12,26.0,27.0,25.0,26.25,27.0,26.25,26.25,23.0,23.0,16.0,38.0,28.0,25.979166666666668,50.0,22.0,18.0,36.0,40.0,33.0,24.0,24.0,24.0,16.0,16.0,16.0,
2017_03_13,31.0,35.0,32.0,34.5,40.0,34.5,34.5,32.0,32.0,24.0,43.0,25.0,33.125,55.0,21.0,21.0,31.0,44.0,36.0,34.0,17.0,34.0,19.0,19.0,19.0,
2017_03_14,25.0,28.0,26.0,26.5,27.0,26.5,26.5,23.0,23.0,12.0,52.0,30.0,27.125,95.0,21.0,20.0,33.0,59.0,45.0,69.0,19.0,68.0,23.0,23.0,23.0,
2017_03_15,26.0,22.0,26.0,24.75,25.0,24.75,24.75,23.0,23.0,11.0,38.0,25.0,24.4375,78.0,23.0,22.0,27.0,59.0,45.0,56.0,38.0,74.0,24.0,24.0,24.0,
2017_03_16,27.0,26.0,24.0,25.75,26.0,25.75,25.75,22.0,22.0,14.0,43.0,25.0,25.520833333333332,74.71428571428572,18.0,22.0,27.0,58.0,38.0,72.0,63.0,116.0,20.0,20.0,20.0,
2017_03_17,27.0,27.0,25.0,26.0,25.0,26.0,26.0,24.0,24.0,18.0,50.0,23.0,26.75,71.42857142857143,22.0,21.0,25.0,62.0,47.0,47.0,59.0,50.0,16.0,16.0,16.0,
2017_03_18,17.0,17.0,17.0,17.25,18.0,17.25,17.25,16.0,16.0,12.0,42.0,17.0,18.645833333333332,68.14285714285714,19.0,16.0,21.0,56.0,56.0,54.0,31.0,42.0,17.0,17.0,17.0,
2017_03_19,16.0,15.333333333333334,15.0,15.333333333333334,15.0,15.333333333333334,15.333333333333334,14.0,14.0,16.0,33.0,17.0,16.777777777777775,64.85714285714286,15.0,14.0,21.0,57.0,40.0,36.0,17.0,38.0,18.0,18.0,18.0,
2017_03_20,14.0,14.0,14.0,14.0,14.0,14.0,14.0,13.0,13.0,10.0,41.0,17.0,16.0,61.57142857142857,12.0,12.0,24.0,105.0,84.0,49.0,28.0,68.0,30.0,30.0,30.0,
2017_03_21,26.0,20.0,24.0,25.0,30.0,25.0,25.0,25.0,25.0,20.0,40.0,22.0,25.583333333333332,58.285714285714285,8.0,15.0,22.0,77.0,73.0,59.0,42.0,64.0,13.0,13.0,13.0,
2017_03_22,26.0,29.0,25.0,27.25,29.0,27.25,27.25,24.0,24.0,31.0,49.0,39.0,29.8125,55.0,10.0,17.0,27.0,71.0,64.0,62.0,50.0,70.0,12.0,12.0,12.0,
2017_03_23,19.0,22.0,18.0,19.5,19.0,19.5,19.5,16.0,16.0,15.0,36.0,22.0,20.125,51.714285714285715,10.0,12.0,19.0,114.0,98.0,95.0,56.0,111.0,15.0,15.0,15.0,
2017_03_24,18.0,15.0,17.0,17.0,18.0,17.0,17.0,15.0,15.0,11.0,37.0,20.0,18.083333333333332,48.42857142857143,10.0,14.0,18.0,110.0,96.0,72.0,64.0,69.0,10.0,10.0,10.0,
2017_03_25,23.0,22.0,23.0,22.25,21.0,22.25,22.25,20.0,20.0,19.0,38.0,32.0,23.729166666666668,45.14285714285714,22.0,20.0,24.0,67.0,57.0,43.0,59.0,57.0,11.0,11.0,11.0,
2017_03_26,25.0,24.0,29.0,24.75,21.0,24.75,24.75,17.0,17.0,12.0,33.0,18.0,22.520833333333332,41.85714285714286,21.0,19.0,30.0,64.0,51.0,44.0,48.0,67.0,13.0,13.0,13.0,
2017_03_27,23.0,25.0,24.0,25.5,30.0,25.5,25.5,23.0,23.0,30.0,40.0,12.0,25.541666666666668,38.57142857142857,21.0,16.0,21.0,45.0,32.0,18.0,16.0,60.0,7.0,7.0,7.0,
2017_03_28,38.0,29.0,34.0,34.75,38.0,34.75,34.75,31.0,31.0,45.0,35.0,38.0,35.270833333333336,35.285714285714285,22.0,19.0,25.0,49.0,29.0,25.0,36.5,43.0,9.0,9.0,9.0,
2017_03_29,32.0,30.0,29.0,30.5,31.0,30.5,30.5,26.0,26.0,24.0,53.0,30.0,31.041666666666668,32.0,33.0,23.0,28.0,54.0,41.0,30.0,31.0,47.0,9.0,9.0,9.0,
2017_03_30,24.0,30.0,28.0,26.25,23.0,26.25,26.25,24.0,24.0,13.0,33.0,15.0,24.395833333333332,35.0,18.0,18.0,26.0,52.0,34.0,35.0,29.0,43.0,12.0,12.0,12.0,
2017_03_31,15.0,16.0,15.666666666666666,15.666666666666666,16.0,15.666666666666666,15.666666666666666,12.0,12.0,9.0,22.0,14.0,14.888888888888891,29.0,9.0,15.0,21.0,56.0,49.0,35.0,26.0,40.0,10.0,10.0,10.0,
2017_04_01,21.0,15.0,19.666666666666668,19.666666666666668,23.0,19.666666666666668,19.666666666666668,22.0,22.0,24.0,28.0,18.0,20.972222222222225,14.0,15.0,16.0,15.0,58.0,49.0,24.0,14.0,46.0,10.0,10.0,10.0,
2017_04_02,29.0,23.0,27.333333333333332,27.333333333333332,30.0,27.333333333333332,27.333333333333332,23.0,23.0,31.0,27.0,33.0,27.361111111111114,27.0,20.0,22.0,24.0,17.0,17.0,15.0,10.0,34.0,11.0,11.0,11.0,
2017_04_03,42.0,36.0,41.0,41.0,45.0,41.0,41.0,37.0,37.0,39.0,41.0,33.0,39.5,21.0,27.0,24.0,28.0,41.0,27.0,26.0,16.0,35.0,5.0,5.0,5.0,
2017_04_04,39.0,35.0,41.333333333333336,41.333333333333336,50.0,41.333333333333336,41.333333333333336,42.0,42.0,48.0,44.0,39.0,42.02777777777778,35.0,33.0,29.0,29.0,52.0,38.0,34.0,23.0,32.0,9.0,9.0,9.0,
2017_04_05,47.0,40.0,44.333333333333336,44.333333333333336,46.0,44.333333333333336,44.333333333333336,40.0,40.0,41.0,59.0,29.0,43.27777777777777,53.0,39.0,30.0,26.0,61.0,45.0,39.0,45.0,35.0,11.0,11.0,11.0,
2017_04_06,30.0,27.0,30.0,30.0,33.0,30.0,30.0,29.0,29.0,23.0,42.0,23.0,29.666666666666668,34.0,16.0,22.0,18.0,71.0,61.0,55.0,27.0,49.0,12.0,12.0,12.0,
2017_04_07,19.0,21.0,19.0,19.0,17.0,19.0,19.0,18.0,18.0,15.0,42.0,17.0,20.25,31.0,12.0,14.0,17.0,78.0,69.0,50.0,35.0,53.0,8.0,8.0,8.0,
2017_04_08,13.333333333333334,12.0,14.0,13.333333333333334,14.0,13.333333333333334,13.333333333333334,12.0,12.0,9.0,34.0,10.0,14.194444444444443,25.0,13.0,15.0,19.0,90.0,74.0,37.0,37.0,44.0,17.0,17.0,17.0,
2017_04_09,11.0,10.0,12.0,11.0,11.0,11.0,11.0,10.0,10.0,6.0,40.0,10.0,12.75,26.0,9.0,9.0,19.0,86.0,72.0,44.0,58.25,31.0,15.666666666666668,15.666666666666668,15.666666666666668,
2017_04_10,10.0,10.0,10.0,10.0,10.0,10.0,10.0,7.0,7.0,7.0,29.0,11.0,10.916666666666666,28.0,11.0,9.0,19.0,68.0,52.0,43.0,46.75,24.0,14.333333333333332,14.333333333333332,14.333333333333332,
2017_04_11,9.666666666666666,10.0,10.0,9.666666666666666,9.0,9.666666666666666,9.666666666666666,9.0,9.0,7.0,20.0,11.0,10.305555555555555,23.0,9.0,7.0,15.0,68.0,50.0,52.0,50.0,21.0,13.0,13.0,13.0,
2017_04_12,8.666666666666666,8.0,11.0,8.666666666666666,7.0,8.666666666666666,8.666666666666666,8.0,8.0,5.0,27.0,8.0,9.722222222222221,28.0,10.0,6.0,14.0,81.0,66.0,38.0,53.0,20.0,18.0,18.0,18.0,
2017_04_13,10.666666666666666,10.0,12.0,10.666666666666666,10.0,10.666666666666666,10.666666666666666,8.0,8.0,4.0,24.0,9.0,10.638888888888888,14.0,9.0,8.0,13.0,65.0,48.0,23.0,39.5,22.0,19.0,19.0,19.0,
2017_04_14,17.333333333333332,17.0,16.0,17.333333333333332,19.0,17.333333333333332,17.333333333333332,16.0,16.0,11.0,16.0,11.0,15.944444444444443,16.0,12.0,11.0,19.0,30.0,15.0,10.0,17.0,13.0,11.0,11.0,11.0,
2017_04_15,16.333333333333332,16.0,18.0,16.333333333333332,15.0,16.333333333333332,16.333333333333332,12.0,12.0,9.0,23.0,13.0,15.277777777777777,25.0,13.0,12.0,18.0,28.0,13.0,10.0,15.25,10.0,9.0,9.0,9.0,
2017_04_16,15.666666666666666,15.0,16.0,15.666666666666666,16.0,15.666666666666666,15.666666666666666,12.0,12.0,9.0,28.0,12.0,15.222222222222223,23.0,13.0,13.0,19.0,24.0,14.0,14.0,7.0,10.0,12.0,12.0,12.0,
2017_04_17,20.333333333333332,20.0,20.0,20.333333333333332,21.0,20.333333333333332,20.333333333333332,19.0,19.0,14.0,31.0,14.0,19.944444444444443,31.0,22.0,18.0,23.0,22.0,15.0,12.0,14.75,10.0,14.0,14.0,14.0,
2017_04_18,12.0,14.0,14.666666666666666,14.666666666666666,18.0,14.666666666666666,14.666666666666666,15.0,15.0,16.515151515151516,36.0,13.0,16.515151515151516,29.0,18.0,15.0,25.0,25.0,11.0,8.0,13.0,8.0,20.0,20.0,20.0,
2017_04_19,12.0,10.0,12.0,12.0,14.0,12.0,12.0,8.0,8.0,12.363636363636363,25.0,11.0,12.363636363636365,23.0,11.0,10.0,14.0,33.0,22.0,18.0,21.25,12.0,18.0,18.0,18.0,
2017_04_20,21.666666666666668,21.0,20.0,21.666666666666668,24.0,21.666666666666668,21.666666666666668,19.0,19.0,20.96969696969697,26.0,15.0,20.96969696969697,24.0,16.0,12.0,21.0,38.0,24.0,24.0,20.0,18.0,16.0,16.0,16.0,
2017_04_21,32.0,28.0,31.0,32.0,37.0,32.0,32.0,29.0,29.0,29.0,34.0,26.0,30.916666666666668,34.0,24.0,20.0,26.0,52.0,39.0,38.0,32.0,31.0,16.0,16.0,16.0,
2017_04_22,43.0,45.0,46.0,45.5,48.0,45.5,45.5,43.0,43.0,42.0,51.0,39.0,44.708333333333336,50.0,35.0,35.0,37.0,73.0,55.0,49.0,40.0,40.0,18.0,18.0,18.0,
2017_04_23,43.0,43.0,44.0,44.5,48.0,44.5,44.5,42.0,42.0,44.0,48.0,40.0,43.958333333333336,45.0,43.0,37.0,42.0,79.0,58.0,60.0,28.0,39.0,20.0,20.0,20.0,
2017_04_24,39.0,39.0,38.0,39.0,40.0,39.0,39.0,35.0,35.0,37.0,47.0,36.0,38.583333333333336,37.0,30.0,27.0,28.0,73.0,60.0,58.0,23.0,39.0,15.0,15.0,15.0,
2017_04_25,32.666666666666664,31.0,31.0,32.666666666666664,36.0,32.666666666666664,32.666666666666664,30.0,30.0,31.0,38.0,28.0,32.138888888888886,29.0,29.0,29.0,31.0,71.0,57.0,49.0,31.0,28.0,26.0,26.0,26.0,
2017_04_26,33.333333333333336,33.0,31.0,33.333333333333336,36.0,33.333333333333336,33.333333333333336,32.0,32.0,31.0,45.0,27.0,33.361111111111114,38.0,28.0,27.0,35.0,67.0,57.0,48.0,37.0,33.0,19.0,19.0,19.0,
2017_04_27,31.333333333333332,31.0,29.0,31.333333333333332,34.0,31.333333333333332,31.333333333333332,29.0,29.0,29.0,43.0,30.0,31.611111111111114,50.0,29.0,26.0,27.0,78.0,64.0,58.0,45.0,35.0,17.0,17.0,17.0,
2017_04_28,30.666666666666668,31.0,28.0,30.666666666666668,33.0,30.666666666666668,30.666666666666668,25.0,25.0,26.0,44.0,30.424242424242422,30.424242424242422,28.0,25.0,21.0,22.0,72.0,53.0,46.0,38.0,36.0,18.0,18.0,18.0,
2017_04_29,26.0,37.0,28.0,32.25,38.0,32.25,32.25,27.0,27.0,38.0,39.0,32.43181818181818,32.43181818181818,29.0,23.0,23.0,17.0,26.0,13.0,13.0,17.0,13.0,17.0,17.0,17.0,
2017_04_30,25.0,29.0,30.0,29.5,34.0,29.5,29.5,27.0,27.0,22.0,28.25,28.25,28.25,34.0,27.0,18.0,22.0,29.0,17.0,20.0,16.0,16.0,15.0,15.0,15.0,
2017_05_01,9.0,15.0,13.0,13.5,17.0,13.5,13.5,12.0,12.0,15.0,31.0,14.954545454545455,14.954545454545455,32.0,12.0,9.0,18.0,45.0,32.0,30.0,26.0,16.0,18.0,18.0,18.0,
2017_05_02,12.0,16.0,16.0,15.5,18.0,15.5,15.5,14.0,14.0,14.0,42.0,17.5,17.5,36.0,13.0,13.0,21.0,41.0,33.0,34.0,36.0,24.0,18.0,18.0,18.0,
2017_05_03,15.0,24.0,17.0,18.75,19.0,18.75,18.75,14.0,14.0,19.0,48.0,20.568181818181817,20.568181818181817,33.0,15.0,13.0,20.0,43.0,31.0,39.0,45.0,29.0,19.0,19.0,19.0,
2017_05_04,17.0,25.0,20.0,20.75,21.0,20.75,20.75,15.0,15.0,17.0,37.0,20.84090909090909,20.84090909090909,34.0,15.0,15.0,20.0,50.0,33.0,31.0,46.0,32.0,20.0,20.0,20.0,
2017_05_05,19.0,21.0,21.0,21.25,24.0,21.25,21.25,18.0,18.0,21.975,35.0,21.974999999999998,21.974999999999998,15.0,27.0,9.0,13.0,31.0,25.0,17.0,33.0,24.0,12.0,12.0,12.0,
2017_05_06,30.0,38.0,32.0,35.5,42.0,35.5,35.5,27.0,27.0,35.55,53.0,35.550000000000004,35.550000000000004,20.0,35.0,19.0,23.0,16.0,18.0,15.0,25.0,14.0,13.0,13.0,13.0,
2017_05_07,12.0,20.0,17.0,17.0,19.0,17.0,17.0,13.0,13.0,17.9,34.0,17.900000000000002,17.900000000000002,19.0,21.0,13.0,17.0,22.0,22.0,21.0,19.0,16.0,19.0,19.0,19.0,
2017_05_08,14.0,22.0,21.0,19.25,20.0,19.25,19.25,14.0,14.0,21.075,48.0,21.075,21.075,29.0,18.0,13.0,28.0,22.0,24.0,18.0,22.0,16.0,13.0,13.0,13.0,
2017_05_09,11.0,20.0,21.0,17.25,17.0,17.25,17.25,14.0,14.0,18.475,36.0,18.474999999999998,18.474999999999998,24.0,12.0,15.0,19.0,31.0,31.0,28.0,27.75,21.0,16.0,16.0,16.0,
2017_05_10,18.0,32.0,23.0,24.75,26.0,24.75,24.75,22.0,22.0,25.725,40.0,25.725,25.725000000000005,15.0,16.0,12.0,11.0,20.0,32.0,26.0,17.0,13.0,23.0,23.0,23.0,
2017_05_11,14.0,21.0,20.0,20.75,28.0,20.75,20.75,17.0,17.0,21.477272727272727,47.0,10.0,21.47727272727273,15.0,19.0,13.0,7.0,19.0,19.0,13.0,14.0,14.0,18.0,18.0,18.0,
2017_05_12,23.333333333333332,26.0,23.0,23.333333333333332,21.0,23.333333333333332,23.333333333333332,19.0,19.0,24.030303030303035,55.0,8.0,24.03030303030303,15.0,12.0,12.0,12.0,15.0,22.0,11.0,8.0,11.0,14.0,14.0,14.0,
2017_05_13,24.333333333333332,26.0,23.0,24.333333333333332,24.0,24.333333333333332,24.333333333333332,17.0,17.0,24.212121212121215,54.0,8.0,24.212121212121215,21.0,12.0,13.5,15.0,11.0,18.0,8.0,5.0,7.0,15.0,15.0,15.0,
2017_05_14,16.0,17.0,15.0,16.0,16.0,16.0,16.0,15.0,15.0,16.636363636363637,32.0,9.0,16.636363636363637,18.0,14.0,13.5,13.0,5.0,7.0,8.0,6.0,8.0,14.0,14.0,14.0,
2017_05_15,13.0,16.0,13.0,13.0,10.0,13.0,13.0,10.0,10.0,13.272727272727273,28.0,7.0,13.272727272727273,15.0,14.0,15.5,17.0,7.0,10.0,8.0,7.5,5.0,22.0,22.0,22.0,
2017_05_16,16.333333333333332,17.0,13.0,16.333333333333332,19.0,16.333333333333332,16.333333333333332,14.0,14.0,16.0,34.0,8.0,16.694444444444443,10.0,12.0,12.5,13.0,7.0,12.0,4.0,7.75,8.0,17.0,17.0,17.0,
2017_05_17,13.333333333333334,15.0,10.0,13.333333333333334,15.0,13.333333333333334,13.333333333333334,13.25925925925926,13.259259259259258,13.25925925925926,21.0,5.0,13.259259259259258,14.0,14.0,10.5,7.0,5.0,5.0,2.0,5.0,4.25,25.0,25.0,25.0,
2017_05_18,17.333333333333332,21.0,15.0,17.333333333333332,16.0,17.333333333333332,17.333333333333332,16.0,16.0,17.3030303030303,25.0,12.0,17.3030303030303,10.0,18.0,17.0,16.0,6.0,8.0,2.0,6.0,8.0,27.0,27.0,27.0,
2017_05_19,18.0,35.0,25.0,27.25,31.0,27.25,27.25,24.0,24.0,26.431818181818183,35.0,17.0,26.431818181818183,15.0,17.0,18.0,19.0,12.0,13.0,7.0,11.5,14.0,14.0,14.0,14.0,
2017_05_20,20.0,35.0,29.0,29.25,33.0,29.25,29.25,30.0,30.0,29.15909090909091,40.0,16.0,29.15909090909091,19.0,17.0,18.5,20.0,22.0,24.0,15.0,19.75,18.0,18.0,18.0,18.0,
2017_05_21,17.0,21.0,22.0,20.75,23.0,20.75,20.75,23.0,23.0,22.65909090909091,38.0,20.0,22.659090909090907,28.0,19.0,20.0,21.0,26.0,30.0,19.0,13.0,23.0,15.0,15.0,15.0,
2017_05_22,19.0,27.0,25.0,24.0,25.0,24.0,24.0,22.0,22.0,24.181818181818183,38.0,16.0,24.181818181818183,23.0,19.0,20.5,22.0,30.0,38.0,25.0,20.0,21.0,14.0,14.0,14.0,
2017_05_23,25.0,27.0,24.0,25.0,24.0,25.0,25.0,26.0,26.0,24.727272727272727,30.0,15.0,24.72727272727273,25.0,23.0,22.5,22.0,26.0,27.0,23.0,19.0,18.0,9.0,9.0,9.0,
2017_05_24,22.0,24.0,20.0,22.0,22.0,22.0,22.0,21.0,21.0,17.0,47.0,9.0,22.416666666666668,18.0,12.0,13.0,14.0,21.0,22.0,21.0,13.0,18.0,13.0,13.0,13.0,
2017_05_25,14.0,26.0,16.0,18.25,17.0,18.25,18.25,19.175,19.175,19.0,40.0,5.0,19.175,18.0,14.0,9.0,15.0,26.0,28.0,17.0,11.0,13.0,12.0,12.0,12.0,
2017_05_26,13.0,20.0,15.0,18.0,24.0,18.0,18.0,19.0,19.0,27.0,43.0,9.0,20.25,18.0,22.0,9.0,15.5,13.0,15.0,7.0,6.0,5.0,20.0,20.0,20.0,
2017_05_27,19.0,25.0,19.0,22.25,26.0,22.25,22.25,25.0,25.0,23.25,41.0,9.0,23.25,30.0,14.0,7.0,10.5,14.0,15.0,9.0,8.0,3.0,18.0,18.0,18.0,
2017_05_28,9.0,26.0,13.0,17.25,21.0,17.25,17.25,15.0,15.0,17.34090909090909,33.0,7.0,17.34090909090909,31.0,10.0,6.0,10.0,18.0,17.0,13.0,15.0,3.0,18.0,18.0,18.0,
2017_05_29,8.0,20.0,13.0,15.0,19.0,15.0,15.0,16.0,16.0,15.0,38.0,9.0,16.583333333333332,31.0,14.0,8.0,11.0,20.0,18.0,14.0,18.0,4.0,19.0,19.0,19.0,
2017_05_30,12.0,24.0,14.0,18.0,22.0,18.0,18.0,21.0,21.0,16.0,33.0,11.0,19.0,20.0,16.0,13.0,15.0,16.0,21.0,9.0,18.0,8.0,21.0,21.0,21.0,
2017_05_31,13.0,26.0,18.0,20.25,24.0,20.25,20.25,22.0,22.0,25.0,33.0,11.0,21.229166666666668,17.0,14.0,15.0,18.0,17.0,16.0,7.0,6.0,10.0,16.0,16.0,16.0,
2017_06_01,9.0,23.0,18.0,16.25,15.0,16.25,16.25,18.0,18.0,16.0,25.0,10.0,16.729166666666668,19.0,14.0,16.5,19.0,20.0,21.0,9.0,9.0,9.0,22.0,22.0,22.0,
2017_06_02,11.0,28.0,13.0,18.25,21.0,18.25,18.25,15.0,15.0,16.0,23.0,7.0,16.979166666666668,19.0,11.0,12.5,14.0,20.0,18.0,8.0,11.0,6.0,18.0,18.0,18.0,
2017_06_03,10.666666666666666,14.0,7.0,10.666666666666666,11.0,10.666666666666666,10.666666666666666,11.0,11.0,10.0,17.0,7.0,10.888888888888888,11.0,10.0,11.0,12.0,16.0,16.0,6.0,8.0,5.0,21.0,21.0,21.0,
2017_06_04,12.0,14.0,8.0,12.0,14.0,12.0,12.0,11.0,11.0,10.0,6.0,5.0,10.583333333333334,12.0,12.0,11.0,10.0,11.0,11.0,4.0,5.0,2.0,18.0,18.0,18.0,
2017_06_05,13.333333333333334,14.0,10.0,13.333333333333334,16.0,13.333333333333334,13.333333333333334,15.0,15.0,13.12121212121212,13.0,8.0,13.12121212121212,13.0,7.0,7.0,7.0,19.0,18.0,5.0,7.0,12.25,22.0,22.0,22.0,
2017_06_06,5.0,14.0,10.0,10.75,14.0,10.75,10.75,15.0,15.0,11.022727272727273,11.022727272727273,8.0,8.0,14.0,9.0,10.5,12.0,22.0,22.0,10.0,10.0,16.0,12.0,12.0,12.0,
2017_06_07,6.0,18.0,11.0,14.0,15.0,11.0,12.5,17.0,4.0,11.0,20.0,7.0,6.0,13.5,7.0,6.0,10.0,18.0,18.0,6.0,7.0,12.25,13.0,9.0,24.0,12.0
2017_06_08,6.0,17.0,12.0,14.0,15.0,14.0,13.0,14.0,4.0,12.0,14.0,9.0,7.0,13.0,8.0,6.0,9.0,11.0,11.0,5.0,7.5,3.0,16.0,12.0,17.0,13.0
2017_06_09,8.0,19.0,10.0,12.8,15.0,12.0,12.799999999999999,14.0,7.0,10.0,24.0,7.0,9.0,12.6,14.0,10.0,13.0,11.0,11.0,4.0,7.5,4.0,24.0,16.0,20.0,27.0
2017_06_10,13.0,17.0,14.0,15.6,18.0,16.0,15.6,17.0,13.0,16.016666666666666,24.0,11.0,18.0,12.200000000000001,18.0,17.0,15.0,11.0,11.0,6.0,7.5,2.0,33.0,14.0,32.0,27.0
2017_06_11,17.0,17.0,23.0,20.8,27.0,20.0,20.8,21.0,17.0,19.966666666666665,26.0,14.0,16.0,11.8,27.0,24.0,21.0,14.0,14.0,4.0,9.5,6.0,26.0,13.0,23.0,20.0
2017_06_12,18.0,28.0,24.0,24.6,30.0,23.0,24.599999999999998,21.0,15.0,22.433333333333334,29.0,15.0,17.0,11.400000000000002,27.0,26.5,26.0,17.0,15.0,9.0,13.0,11.0,20.0,8.0,18.0,16.0
2017_06_13,17.0,21.0,19.0,21.0,27.0,20.0,20.833333333333332,22.0,18.0,20.62121212121212,28.0,20.62121212121212,13.0,11.0,17.0,17.0,17.0,15.0,15.0,12.0,12.0,6.0,18.0,14.0,15.0,14.0
2017_06_14,12.0,12.0,16.0,17.0,14.4,15.0,14.4,15.0,14.0,15.345454545454546,26.0,15.345454545454546,13.0,10.6,13.0,19.0,9.0,13.0,10.0,11.5,11.5,11.5,30.0,10.0,15.0,14.0
2017_06_15,27.0,24.0,28.0,28.0,32.0,26.0,27.5,29.0,36.0,30.0,40.0,22.0,19.0,10.2,13.0,29.0,19.0,14.0,11.0,8.0,11.0,11.0,17.0,9.0,14.0,15.0
2017_06_16,27.0,24.0,25.0,25.0,28.0,25.0,25.666666666666668,26.0,24.0,28.0,46.0,19.0,20.0,9.8,18.0,30.0,23.0,23.0,21.0,13.0,8.0,13.0,17.0,8.0,13.0,11.0
2017_06_17,20.8,19.0,21.0,22.0,23.0,19.0,20.8,23.0,23.0,23.0,43.0,11.0,13.0,9.4,20.0,29.0,24.0,14.0,18.0,8.0,7.0,5.0,20.0,8.0,12.0,11.0
2017_06_18,16.0,18.0,15.0,16.0,18.0,13.0,16.0,14.0,14.0,18.0,21.0,10.0,10.0,9.0,13.0,20.0,17.0,9.0,9.0,4.0,5.0,6.75,13.0,7.0,8.0,7.0
2017_06_19,12.0,20.0,18.0,19.0,20.0,15.0,17.333333333333332,11.0,11.0,19.0,16.0,9.0,7.0,8.6,11.0,15.0,9.0,12.0,12.0,4.0,5.0,8.25,19.0,6.0,13.0,13.0
2017_06_20,14.0,20.0,20.0,23.0,23.0,19.0,19.833333333333332,19.0,15.0,18.23611111111111,21.0,15.0,10.0,8.2,9.0,19.0,13.0,11.0,11.0,4.0,5.0,2.0,24.0,8.0,16.0,12.0
2017_06_21,19.8,20.0,18.0,18.0,26.0,17.0,19.8,17.0,13.0,17.3,25.0,8.0,6.0,7.799999999999999,7.0,8.0,10.0,14.0,14.0,4.0,5.0,2.0,20.0,9.0,13.0,9.0
2017_06_22,18.6,21.0,18.0,18.0,20.0,16.0,18.599999999999998,16.0,13.0,17.0,17.0,9.0,7.0,7.3999999999999995,6.0,6.0,6.0,11.0,11.0,5.0,5.0,4.0,20.0,4.0,10.0,7.0
2017_06_23,13.6,16.0,11.0,13.0,19.0,9.0,13.6,11.0,12.0,19.0,18.0,13.35,5.0,7.0,7.0,8.0,7.5,11.0,15.0,6.0,8.0,2.0,15.0,3.0,7.0,5.0
2017_06_24,14.0,13.0,13.0,14.0,19.0,11.0,14.0,14.0,10.0,17.0,17.0,5.0,4.0,9.0,7.0,7.0,7.0,13.0,13.0,5.0,6.0,2.0,10.0,4.0,7.0,6.0
2017_06_25,14.5,14.5,11.0,15.0,20.0,12.0,14.5,11.0,5.0,15.0,15.0,12.875,7.0,8.0,8.0,10.0,12.0,8.0,8.0,4.0,5.0,4.0,15.0,2.0,8.0,6.0
2017_06_26,15.6,19.0,12.0,15.0,19.0,13.0,15.6,11.0,24.0,18.0,24.0,7.0,7.0,8.0,8.0,10.0,15.0,15.0,16.0,5.0,4.0,3.0,11.0,4.0,7.0,6.0
2017_06_27,15.8,14.0,14.0,16.0,21.0,14.0,15.799999999999999,12.0,16.0,16.0,24.0,15.633333333333333,9.0,9.0,12.0,14.0,16.0,14.0,13.0,7.0,3.0,3.0,13.0,4.0,9.0,8.0
2017_06_28,14.0,18.0,12.0,13.0,15.0,12.0,14.0,10.0,15.0,14.0,22.0,13.75,6.0,12.0,9.0,12.0,15.0,12.0,9.0,7.0,3.0,7.75,9.0,7.0,10.0,7.0
2017_06_30,6.0,23.0,13.0,16.0,18.0,12.0,14.666666666666666,13.0,13.0,15.0,34.0,15.722222222222223,11.0,8.0,14.0,13.0,18.0,15.0,13.0,11.0,11.0,5.0,12.0,2.0,9.0,7.0
2017_07_01,6.0,15.0,15.0,17.0,19.0,15.0,14.5,14.0,10.0,22.0,22.0,11.0,10.0,7.0,11.0,14.0,17.0,14.0,13.0,5.0,10.666666666666666,10.666666666666666,14.0,5.0,10.0,9.0
2017_07_02,9.0,17.4,18.0,18.0,23.0,19.0,17.400000000000002,16.0,12.0,20.0,29.0,14.0,8.0,6.0,11.0,12.0,17.0,15.0,16.0,6.0,10.25,4.0,10.0,5.0,9.0,8.0
2017_07_03,8.0,15.0,15.0,16.0,20.0,16.0,15.0,12.0,14.0,19.0,22.0,9.0,9.0,8.0,10.0,13.0,13.0,18.0,17.0,7.0,11.75,5.0,15.0,4.0,10.0,9.0
2017_07_04,6.0,15.0,14.0,17.0,22.0,16.0,15.0,13.0,14.0,15.0,23.0,8.0,8.0,10.0,18.0,12.0,14.0,20.0,20.0,9.0,13.25,4.0,14.0,3.0,10.0,11.0
2017_07_05,6.0,14.8,17.0,16.0,19.0,16.0,14.799999999999999,14.0,12.0,14.0,21.0,14.466666666666667,9.0,11.0,13.0,15.0,13.0,19.0,17.0,6.0,5.0,3.0,23.0,4.0,16.0,16.0
2017_07_06,10.0,19.0,14.0,15.0,18.0,15.0,15.166666666666666,14.0,14.0,14.46969696969697,19.0,14.46969696969697,6.0,12.0,17.0,13.0,13.0,14.0,11.0,5.0,3.0,8.25,18.0,6.0,12.0,9.0
2017_07_07,7.0,9.8,10.0,11.0,12.0,9.0,9.799999999999999,10.0,13.0,9.799999999999999,14.0,6.0,6.0,11.0,9.0,9.5,10.0,12.0,14.0,7.0,9.25,4.0,17.0,14.5,12.0,8.0
2017_07_08,5.0,18.0,13.0,16.0,21.0,13.0,14.333333333333334,14.0,13.0,13.444444444444443,18.0,7.0,9.0,9.0,10.0,11.0,12.0,10.0,15.0,6.0,8.75,4.0,21.0,5.0,12.0,11.0
2017_07_09,7.0,16.0,12.0,13.0,17.0,13.0,13.0,11.0,8.0,12.416666666666666,23.0,8.0,8.0,9.0,12.0,13.0,15.0,11.0,19.0,5.0,9.5,3.0,15.0,15.0,15.0,9.0
2017_07_10,16.8,15.0,15.0,18.0,20.0,16.0,16.8,15.0,12.0,15.633333333333333,24.0,10.0,9.0,12.0,12.0,13.5,15.0,13.0,12.0,4.0,9.666666666666666,9.666666666666666,12.0,7.0,11.0,10.0
2017_07_11,10.0,31.0,16.0,20.0,22.0,15.0,19.0,14.0,14.0,17.333333333333332,27.0,9.0,11.0,13.0,15.0,13.0,19.0,12.0,15.0,4.0,8.75,4.0,16.0,6.0,11.0,6.0
2017_07_12,8.0,16.0,14.0,20.0,21.0,14.0,15.5,14.0,12.0,14.125,21.0,6.0,8.0,9.0,12.0,12.5,13.0,11.0,11.0,3.0,7.25,4.0,21.0,5.0,11.0,9.0
2017_07_13,5.0,14.0,11.0,17.0,21.0,12.0,13.333333333333334,11.0,12.0,13.111111111111109,28.0,6.0,7.0,10.0,14.0,11.0,13.0,12.0,12.0,3.0,7.5,3.0,19.0,4.0,12.0,12.0
2017_07_14,5.0,18.0,12.0,18.0,24.0,14.0,15.166666666666666,11.0,9.0,12.680555555555557,14.0,6.0,6.0,12.0,11.0,10.0,11.0,16.0,16.0,3.0,11.666666666666666,11.666666666666666,15.0,8.0,9.0,10.0
2017_07_15,14.0,20.0,18.0,21.0,26.0,16.0,19.166666666666668,16.0,17.0,17.34722222222222,23.0,8.0,10.0,12.0,11.0,11.0,16.0,12.0,12.0,4.0,9.333333333333334,9.333333333333334,13.0,12.0,17.0,10.0
2017_07_16,10.0,12.0,13.0,18.0,20.0,13.0,14.333333333333334,13.0,13.0,13.277777777777777,18.0,5.0,10.0,10.0,13.0,11.0,12.0,12.0,12.0,6.0,10.0,10.0,21.0,21.0,23.0,15.0
2017_07_17,9.0,14.0,14.0,17.0,20.0,11.0,14.166666666666666,9.0,12.0,14.097222222222223,21.0,9.0,19.0,10.0,12.0,15.0,13.5,14.0,13.0,4.0,8.25,2.0,28.0,24.0,29.0,22.0
2017_07_18,9.0,20.0,18.0,17.0,20.0,14.0,16.333333333333332,13.0,12.0,15.361111111111109,24.0,9.0,12.0,15.0,18.0,16.0,17.0,13.0,11.0,5.0,8.25,4.0,29.0,24.0,32.0,22.0
2017_07_19,9.0,17.0,16.0,17.0,19.0,14.0,15.333333333333334,14.0,20.0,14.694444444444443,18.0,8.0,9.0,13.0,15.0,15.0,15.0,14.0,12.0,5.0,8.5,3.0,36.0,18.0,31.0,24.0
2017_07_20,13.0,15.0,14.0,19.0,25.0,13.0,16.5,16.0,28.0,15.041666666666666,11.0,4.0,6.0,12.0,13.0,10.0,11.5,15.0,13.0,7.0,11.666666666666666,11.666666666666666,28.0,18.0,31.0,19.0
2017_07_21,15.0,19.0,16.0,19.0,24.0,13.0,17.666666666666668,15.0,17.0,16.0,24.0,16.972222222222225,8.0,12.0,13.0,14.0,13.5,15.0,12.0,4.0,10.333333333333334,10.333333333333334,19.0,24.0,29.0,19.0
2017_07_22,10.0,15.0,12.0,14.0,20.0,10.0,13.5,10.0,14.0,13.318181818181818,22.0,13.318181818181818,6.0,15.0,11.0,12.0,13.0,14.0,12.0,3.0,9.666666666666666,9.666666666666666,29.0,26.0,39.0,26.0
2017_07_23,11.0,22.0,14.0,18.0,22.0,12.0,16.5,14.0,17.0,9.0,19.0,15.208333333333334,8.0,11.0,14.0,10.0,14.0,12.0,12.0,9.0,9.0,3.0,30.0,22.0,39.0,28.0
2017_07_24,12.0,16.0,14.0,18.0,25.0,11.0,16.0,12.0,17.0,12.0,17.0,14.666666666666666,6.0,10.0,16.0,10.5,5.0,15.0,12.0,5.0,9.0,4.0,30.0,19.0,41.0,25.0
2017_07_25,14.0,14.8,13.0,16.0,21.0,10.0,14.799999999999999,15.0,16.0,14.0,23.0,4.0,7.0,11.0,9.0,12.0,7.0,19.0,13.0,8.0,11.5,6.0,27.0,14.0,34.0,22.0
2017_07_26,9.0,16.0,10.0,15.0,21.0,8.0,13.166666666666666,10.0,17.0,13.0,14.0,12.680555555555557,6.0,11.023529411764706,13.0,9.0,5.0,13.0,11.0,6.0,8.75,5.0,24.0,20.0,35.0,21.0
2017_07_27,13.0,16.0,16.0,18.0,23.0,12.0,16.333333333333332,12.0,13.0,16.0,20.0,8.0,9.0,11.047058823529412,10.0,12.0,5.0,12.0,12.0,6.0,8.5,4.0,32.0,26.0,38.0,25.0
2017_07_28,11.0,13.0,13.0,16.0,20.0,10.0,13.833333333333334,11.0,12.0,11.0,23.0,10.0,11.0,11.070588235294117,11.0,12.0,10.0,12.0,12.0,5.0,8.5,5.0,15.0,24.0,24.0,8.0
2017_07_29,12.0,19.0,17.0,19.0,26.0,16.0,18.166666666666668,15.0,15.0,15.0,25.0,12.0,11.0,11.094117647058823,17.0,15.0,8.0,12.0,12.0,7.0,8.5,3.0,11.0,17.0,22.0,10.0
2017_07_30,17.0,31.0,22.0,22.0,27.0,17.0,22.666666666666668,19.0,20.0,22.0,29.0,14.0,13.0,11.117647058823529,26.0,18.0,22.0,12.0,12.0,4.0,8.5,6.0,21.0,11.0,20.0,8.0
2017_07_31,20.0,28.0,21.0,22.0,28.0,18.0,22.833333333333332,20.0,21.0,22.0,35.0,15.0,18.0,11.141176470588237,26.0,21.0,23.5,14.0,11.0,5.0,9.5,8.0,14.0,7.0,20.0,8.0
2017_08_01,20.0,37.0,26.0,25.0,31.0,19.0,26.333333333333332,20.0,26.0,23.0,31.0,17.0,21.0,11.16470588235294,24.0,20.0,22.0,16.0,12.0,7.0,10.5,7.0,11.0,9.0,19.0,6.0
2017_08_02,16.0,20.0,20.0,22.0,28.0,17.0,20.5,18.0,17.0,19.291666666666668,27.0,10.0,16.0,11.188235294117646,22.0,19.0,11.0,15.0,12.0,7.0,11.333333333333334,11.333333333333334,12.0,5.0,13.0,10.0
2017_08_03,16.0,24.0,21.0,24.0,30.0,20.0,22.5,15.0,14.0,20.045454545454547,19.0,20.045454545454547,15.0,11.211764705882354,26.0,20.0,5.0,16.0,13.0,8.0,6.0,7.0,18.0,7.0,15.0,10.0
2017_08_04,12.0,24.0,19.0,20.0,22.0,16.0,18.833333333333332,16.0,14.0,18.53030303030303,29.0,18.53030303030303,13.0,11.235294117647058,23.0,18.0,10.0,16.0,12.0,7.0,10.0,4.0,13.0,10.0,19.0,6.0
2017_08_05,11.0,16.0,17.0,18.0,20.0,14.0,16.0,12.0,13.0,16.09090909090909,26.0,16.09090909090909,14.0,11.258823529411764,20.0,16.0,9.0,17.0,13.0,5.0,9.0,4.0,11.0,10.0,19.0,8.0
2017_08_06,13.0,16.0,17.0,19.0,22.0,16.0,17.166666666666668,10.0,14.0,16.097222222222225,30.0,10.0,9.0,11.282352941176471,16.0,15.0,9.0,15.0,12.0,4.0,8.75,4.0,16.0,7.0,19.0,10.0
2017_08_07,17.8,19.0,16.0,18.0,22.0,14.0,17.8,13.0,15.0,15.0,23.0,8.0,9.0,11.305882352941177,12.0,13.0,8.0,15.0,12.0,3.0,10.0,10.0,16.5,10.0,23.0,10.0
2017_08_08,17.0,16.0,15.0,18.0,21.0,15.0,17.0,13.0,21.0,16.0,22.0,5.0,8.0,11.329411764705883,14.0,11.0,9.0,14.0,11.0,5.0,7.0,9.25,10.0,6.0,14.0,8.0
2017_08_09,7.0,25.0,15.0,17.0,22.0,13.0,16.5,14.0,15.0,15.0,32.0,6.0,8.0,11.352941176470589,17.0,14.0,11.0,12.0,12.0,3.0,5.0,8.0,12.0,5.0,13.0,6.0
2017_08_10,17.25,17.25,16.0,18.0,22.0,13.0,17.25,10.0,15.0,14.0,27.0,10.0,8.0,11.376470588235295,29.0,16.0,9.0,14.0,12.0,3.0,6.0,5.0,14.0,4.0,11.0,7.0
2017_08_11,7.0,12.4,9.0,15.0,19.0,12.0,12.4,11.0,18.0,15.0,29.0,11.0,14.0,11.4,25.0,15.0,12.0,16.0,12.0,5.0,6.0,4.0,10.0,3.0,9.0,5.0
2017_08_12,8.0,10.8,9.0,13.0,14.0,10.0,10.799999999999999,10.0,15.0,10.0,27.0,6.0,6.0,11.423529411764704,25.0,12.0,10.0,13.0,12.0,5.0,7.0,5.0,9.0,9.5,10.0,6.0
2017_08_13,8.0,11.6,11.0,14.0,15.0,10.0,11.6,10.0,14.0,9.0,31.0,5.0,6.0,11.447058823529412,19.0,15.0,14.0,14.0,11.0,5.0,8.0,5.0,9.0,3.0,10.0,6.0
2017_08_14,11.0,14.8,13.0,18.0,19.0,13.0,14.799999999999999,15.0,14.0,14.0,39.0,16.133333333333333,8.0,11.470588235294116,17.0,13.0,14.0,19.0,13.0,6.0,7.0,6.0,11.0,5.0,10.0,5.0
2017_08_15,6.0,12.4,12.0,16.0,14.0,14.0,12.4,12.0,11.0,11.0,33.0,13.483333333333334,8.0,11.494117647058822,14.0,13.0,11.0,16.0,12.0,3.0,7.0,6.0,8.0,9.5,11.0,3.0
2017_08_16,10.0,14.6,12.0,18.0,19.0,14.0,14.6,15.0,12.0,15.0,23.0,14.516666666666666,7.0,11.51764705882353,8.0,11.0,9.0,15.0,12.0,4.0,5.0,7.0,11.0,5.0,11.0,6.0
2017_08_17,7.0,10.0,10.0,16.0,16.0,12.0,11.833333333333334,15.0,11.0,22.0,28.0,13.736111111111109,6.0,11.541176470588235,9.0,10.0,6.0,15.0,12.0,3.0,5.0,6.0,8.0,9.0,13.0,7.0
2017_08_18,13.0,16.0,15.0,23.0,23.0,16.0,17.666666666666668,16.0,16.0,21.0,16.0,16.555555555555557,6.0,11.564705882352941,14.0,14.0,12.0,13.0,11.0,4.0,9.0,4.0,15.0,17.0,16.0,8.0
2017_08_19,14.0,22.0,13.0,18.0,16.6,16.0,16.599999999999998,15.0,20.0,17.0,35.0,17.766666666666666,10.0,11.588235294117647,16.0,16.0,16.0,14.0,12.0,5.0,8.0,5.0,17.0,11.0,19.0,10.0
2017_08_20,8.0,12.0,8.0,13.0,10.2,10.0,10.200000000000001,8.0,11.0,12.0,20.0,10.616666666666667,5.0,11.611764705882353,12.0,12.5,13.0,12.0,10.0,2.0,7.0,3.0,16.0,14.0,28.0,17.0
2017_08_21,9.0,13.0,10.0,15.0,11.6,11.0,11.6,11.0,12.0,14.0,23.0,12.35,7.0,11.635294117647058,10.0,11.0,12.0,12.0,12.0,3.0,7.0,4.0,28.0,14.0,24.0,15.0
2017_08_22,14.0,14.0,15.0,18.0,20.0,14.0,15.833333333333334,15.0,13.0,17.0,22.0,15.402777777777777,7.0,11.658823529411766,10.0,12.0,19.0,14.0,12.0,6.0,9.0,4.0,23.0,11.0,24.0,12.0
2017_08_23,11.0,15.0,10.0,16.0,18.0,11.0,13.5,12.0,14.0,15.0,23.0,13.708333333333334,6.0,11.682352941176472,9.0,10.0,15.0,11.0,12.0,9.5,10.0,5.0,20.0,10.0,23.0,14.0
2017_08_24,14.0,15.0,14.0,19.0,21.0,14.0,16.166666666666668,12.0,9.0,19.0,22.0,6.0,9.0,11.705882352941178,11.0,12.0,16.0,15.0,15.0,11.333333333333334,11.333333333333334,4.0,25.0,6.0,23.0,18.0
2017_08_25,10.0,11.0,13.0,17.0,20.0,13.0,14.0,10.0,8.0,10.0,17.0,8.0,7.0,11.729411764705883,10.0,11.0,14.0,20.0,20.0,3.0,8.0,12.75,26.0,6.0,29.0,21.0
2017_08_26,13.0,15.0,15.0,18.0,18.0,15.0,15.666666666666666,15.0,16.0,17.0,31.0,5.0,6.0,11.75294117647059,12.0,12.0,13.0,12.0,11.0,6.0,8.0,5.0,17.0,8.0,21.0,8.0
2017_08_27,10.0,18.0,13.2,14.0,13.0,11.0,13.200000000000001,10.0,16.0,13.0,17.0,4.0,6.0,11.776470588235295,8.0,9.0,12.0,10.0,9.0,6.0,10.0,5.0,16.0,7.0,19.0,8.0
2017_08_28,11.0,20.0,16.4,17.0,21.0,13.0,16.400000000000002,12.0,14.0,14.0,16.0,6.0,6.0,11.8,11.0,11.0,12.0,12.0,11.0,9.0,9.0,7.0,8.0,7.0,14.0,5.0
2017_08_29,18.0,23.0,22.6,23.0,30.0,19.0,22.599999999999998,19.0,22.0,18.0,18.0,9.0,12.0,11.823529411764707,14.0,16.0,14.0,14.0,12.0,6.0,7.0,6.0,17.0,5.0,16.0,7.0
2017_08_30,14.0,24.0,19.0,23.0,28.0,19.0,21.166666666666668,16.0,17.0,18.0,21.0,12.0,13.0,11.847058823529412,13.0,18.0,20.0,12.0,11.0,5.0,7.0,6.0,11.0,9.0,15.0,9.0
2017_08_31,11.0,16.0,14.0,19.0,23.0,15.0,16.333333333333332,15.0,14.0,15.0,19.0,11.0,10.0,11.870588235294118,13.0,15.0,19.0,11.0,10.0,4.0,7.0,6.0,14.0,6.0,16.0,15.0
2017_09_01,13.0,10.0,15.0,19.0,22.0,16.0,15.833333333333334,15.0,17.0,13.0,22.0,9.0,8.0,11.894117647058824,11.0,16.0,21.0,5.666666666666667,5.666666666666667,5.0,7.0,5.0,15.0,5.0,12.0,11.0
2017_09_02,13.0,9.0,11.0,20.0,22.0,13.0,14.666666666666666,13.0,19.0,19.0,24.0,10.0,7.0,11.91764705882353,10.0,12.0,27.0,10.0,11.0,7.0,7.0,4.0,17.0,8.0,18.0,8.0
2017_09_03,12.0,10.0,7.0,14.0,16.0,10.0,11.5,11.0,13.0,15.0,29.0,6.0,6.0,11.941176470588236,14.0,12.0,16.0,12.0,11.0,7.0,10.0,5.0,13.0,11.0,13.0,5.0
2017_09_04,10.0,6.0,7.0,14.0,15.0,9.0,10.166666666666666,9.0,10.0,9.0,24.0,6.0,5.0,11.964705882352941,10.0,13.0,17.0,14.0,12.0,7.0,11.0,8.0,11.0,4.0,11.0,7.0
2017_09_05,9.0,10.0,9.0,16.0,16.0,13.0,12.166666666666666,11.0,10.0,13.0,28.0,5.0,6.0,11.988235294117647,8.0,12.0,13.0,12.0,12.0,9.0,10.0,11.0,12.0,4.0,14.0,8.0
2017_09_06,9.0,11.0,10.0,19.0,20.0,15.0,14.0,13.0,11.0,7.0,20.0,4.0,6.0,12.011764705882353,9.0,11.0,16.0,13.0,13.0,6.0,9.0,11.0,14.0,5.0,14.0,12.0
2017_09_07,8.0,9.0,8.0,16.0,15.0,11.0,11.166666666666666,11.0,16.0,9.0,38.0,13.680555555555557,12.0,12.035294117647059,8.0,15.0,22.0,11.0,4.0,6.0,8.0,11.0,19.0,6.0,15.0,12.0
2017_09_08,11.0,11.0,15.0,17.0,16.0,18.0,14.666666666666666,11.0,12.0,12.0,56.0,17.38888888888889,15.0,12.058823529411764,10.0,16.0,26.0,11.0,8.0,5.0,8.0,10.0,17.0,10.0,20.0,9.0
2017_09_09,10.0,10.0,13.0,15.0,16.0,14.0,13.0,9.0,14.0,17.0,54.0,16.666666666666668,15.0,12.08235294117647,13.0,17.0,28.0,14.0,8.0,9.0,7.0,10.0,26.0,11.0,18.0,8.0
2017_09_10,14.0,23.0,19.0,22.0,24.0,20.0,20.333333333333332,13.0,22.0,14.0,33.0,19.444444444444446,9.0,12.105882352941176,14.0,17.0,20.0,15.0,10.0,9.0,8.0,9.0,16.0,13.5,11.0,8.0
2017_09_11,20.0,32.0,25.0,29.0,33.0,28.0,27.833333333333332,23.0,24.0,30.0,44.0,27.152777777777782,10.0,12.129411764705882,13.0,17.0,23.0,16.0,9.0,7.0,8.0,10.0,7.0,10.5,14.0,8.0
2017_09_12,21.0,24.0,28.0,29.0,30.0,26.0,26.333333333333332,19.0,22.0,15.0,36.0,24.027777777777782,12.0,12.152941176470588,13.0,19.0,15.0,17.0,7.0,8.0,10.0,11.0,12.0,5.0,18.0,11.0
2017_09_13,23.0,27.0,30.0,29.0,32.0,29.0,28.333333333333332,23.0,21.0,22.0,50.0,27.111111111111114,11.0,12.176470588235293,20.0,21.0,22.0,15.0,10.0,9.0,10.0,13.0,12.0,5.0,12.0,6.0
2017_09_14,18.0,19.0,21.0,23.0,26.0,23.0,21.666666666666668,17.0,28.0,15.0,49.0,22.388888888888886,8.0,12.2,20.0,20.0,26.0,16.0,10.0,11.0,9.0,11.0,12.0,4.0,10.0,5.0
2017_09_15,17.0,16.0,16.0,21.0,21.0,17.0,18.0,13.0,17.0,18.0,32.0,17.75,7.0,12.223529411764705,12.0,13.0,19.0,16.0,10.0,12.0,12.0,11.0,10.0,2.0,9.0,5.0
2017_09_16,9.0,13.0,10.0,15.0,18.0,10.0,12.5,13.0,14.0,7.0,28.0,12.958333333333334,6.0,12.24705882352941,8.0,11.0,10.0,16.0,13.0,8.0,9.0,10.0,9.0,5.0,14.0,5.0
2017_09_17,6.0,6.0,8.0,11.0,11.0,8.0,8.333333333333334,7.0,8.0,8.0,29.0,9.777777777777779,7.0,12.270588235294117,14.0,9.0,9.0,13.0,5.0,5.0,9.0,8.0,12.0,6.0,17.0,8.0
2017_09_18,11.0,9.0,11.0,18.0,18.0,12.0,13.166666666666666,10.0,18.0,11.0,25.0,13.430555555555557,5.0,12.294117647058822,13.0,12.0,16.0,11.0,7.0,5.0,8.0,7.0,16.0,5.0,16.0,12.0
2017_09_19,13.0,16.0,13.0,16.0,24.0,13.0,15.833333333333334,14.0,19.0,12.0,42.0,17.069444444444443,7.0,12.317647058823528,12.0,14.0,22.0,13.0,8.0,6.0,9.0,8.0,10.0,4.0,14.0,6.0
2017_09_20,17.0,15.0,15.0,25.0,31.0,18.0,20.166666666666668,25.0,25.0,21.0,64.0,23.847222222222218,10.0,12.341176470588234,13.0,20.0,15.0,13.0,9.0,7.0,10.0,10.0,13.0,3.0,11.0,7.0
2017_09_21,28.0,30.0,30.0,35.0,42.0,33.0,33.0,39.0,27.0,26.0,38.0,30.833333333333332,9.0,12.364705882352942,12.0,32.0,10.0,16.0,10.0,6.0,9.0,11.0,8.0,4.0,9.0,4.0
2017_09_22,20.0,15.0,21.0,25.0,30.0,20.0,21.833333333333332,26.0,25.0,21.0,21.075757575757578,21.075757575757578,7.0,12.388235294117647,17.0,21.0,11.0,15.0,9.0,7.0,10.75,12.0,12.0,4.0,11.0,5.0
2017_09_23,15.0,18.0,19.0,25.0,28.0,20.0,20.833333333333332,18.0,20.0,22.0,30.0,20.23611111111111,7.0,12.411764705882353,11.0,17.0,11.0,19.0,14.0,12.0,10.0,14.0,13.0,7.0,15.0,5.0
2017_09_24,16.0,18.0,19.0,22.0,28.0,19.0,20.333333333333332,18.0,21.0,12.0,25.0,18.694444444444446,6.0,12.435294117647059,8.0,11.0,15.0,21.0,14.0,11.0,9.0,11.0,8.0,8.0,16.0,5.0
2017_09_25,7.0,11.0,10.0,14.0,19.0,10.0,11.833333333333334,8.0,10.0,9.0,22.0,11.402777777777777,5.0,12.458823529411765,9.0,12.0,7.0,20.0,16.0,9.0,8.0,10.0,12.0,8.0,19.0,8.0
2017_09_26,4.0,5.0,12.0,13.0,15.0,10.0,9.833333333333334,9.0,10.0,5.0,23.0,7.0,6.0,12.482352941176472,9.0,12.0,10.0,17.0,8.0,10.0,8.0,10.0,11.0,7.0,21.0,6.0
2017_09_27,11.0,6.0,17.0,24.0,23.0,14.0,15.833333333333334,15.0,18.0,14.0,22.0,8.0,5.0,12.505882352941178,11.0,14.0,8.0,15.0,10.0,9.0,9.0,10.0,9.0,5.0,17.0,9.0
2017_09_28,8.0,9.0,9.0,16.0,19.0,11.0,12.0,12.0,18.0,10.0,37.0,8.0,7.0,12.529411764705884,15.0,14.0,11.0,19.0,11.0,12.0,13.5,12.0,12.0,9.0,16.0,8.0
2017_09_29,16.0,17.0,20.0,22.0,26.0,19.0,20.0,21.0,26.0,20.0,24.0,8.0,9.0,12.552941176470588,16.0,21.0,12.0,14.0,10.0,5.0,10.75,14.0,7.0,3.0,11.0,4.0
2017_09_30,23.0,22.0,26.8,30.0,34.0,25.0,26.8,29.0,25.0,22.0,30.0,12.0,14.0,12.576470588235294,15.0,19.0,13.0,15.0,12.0,8.0,12.0,13.0,10.0,10.0,10.0,6.0
2017_10_01,21.0,32.0,30.0,30.0,36.0,26.0,29.166666666666668,28.0,25.0,13.0,29.0,17.0,22.0,12.6,10.0,16.0,18.0,20.0,14.0,11.0,13.5,9.0,15.0,15.0,15.0,10.0
2017_10_02,16.0,21.0,20.0,23.0,28.0,17.0,20.833333333333332,23.0,25.0,21.0,33.0,10.0,12.0,12.623529411764705,16.0,16.0,16.0,20.0,13.0,9.0,12.75,9.0,9.0,4.0,14.0,8.0
2017_10_03,15.0,9.0,17.0,22.0,28.0,18.0,18.166666666666668,24.0,22.0,26.0,22.0,11.0,7.0,12.647058823529411,11.0,14.5,18.0,16.0,10.0,12.666666666666666,12.666666666666666,12.0,11.0,7.0,15.0,10.0
2017_10_04,9.0,14.0,14.0,19.0,24.0,12.0,15.333333333333334,20.0,17.0,16.0,22.0,7.0,5.0,12.670588235294119,8.0,11.0,14.0,13.0,7.0,8.5,4.0,10.0,12.0,8.0,16.0,8.0
2017_10_05,10.0,13.0,17.0,19.0,23.0,13.0,15.833333333333334,18.0,15.0,9.0,23.0,10.0,8.0,12.694117647058825,14.0,15.0,9.0,11.0,8.0,8.75,6.0,10.0,12.0,7.0,17.0,8.0
2017_10_06,21.0,22.0,26.0,26.0,32.0,25.4,25.400000000000002,26.0,26.0,31.0,30.0,10.0,8.0,12.71764705882353,17.0,21.0,19.0,14.0,9.0,10.0,7.0,10.0,12.5,7.0,18.0,8.0
2017_10_07,18.0,26.0,23.0,27.0,33.0,22.0,24.833333333333332,27.0,26.0,24.0,33.0,9.0,8.0,12.741176470588236,20.0,18.0,19.0,14.0,10.0,10.5,7.0,11.0,11.0,9.0,13.0,7.0
2017_10_08,17.0,26.0,22.0,28.0,38.0,26.0,26.166666666666668,32.0,26.0,32.0,35.0,12.0,8.0,12.764705882352942,23.0,28.0,25.5,12.0,8.0,9.75,7.0,12.0,8.0,4.0,12.0,6.0
2017_10_09,15.0,16.0,14.0,22.0,26.0,20.0,18.833333333333332,24.0,20.0,37.0,38.0,15.0,13.0,12.788235294117648,19.0,24.0,21.5,12.0,8.0,9.75,8.0,11.0,9.5,5.0,14.0,5.0
2017_10_10,19.0,26.0,23.0,27.0,31.0,21.0,24.5,30.0,26.0,23.0,40.0,25.458333333333332,15.0,12.811764705882354,20.0,25.0,16.0,15.0,11.0,8.0,9.0,10.75,11.0,11.0,11.0,8.0
2017_10_11,9.0,17.0,16.0,21.0,23.0,14.0,16.666666666666668,21.0,24.0,19.333333333333336,41.0,19.333333333333336,10.0,12.83529411764706,11.0,23.0,18.0,13.0,8.0,5.0,7.0,8.0,7.5,4.0,11.0,6.0
2017_10_12,23.0,31.0,29.0,34.0,47.0,24.0,31.333333333333332,37.0,27.0,31.484848484848488,48.0,31.484848484848488,15.0,12.858823529411763,17.0,25.0,13.0,14.0,7.0,8.0,8.0,9.25,7.5,4.0,11.0,7.0
2017_10_13,38.0,45.0,42.0,44.0,55.0,34.0,43.0,53.0,41.0,40.81818181818182,35.0,40.81818181818182,19.0,12.88235294117647,23.0,26.0,15.0,14.0,7.0,8.0,8.0,13.0,10.0,10.0,10.0,4.0
2017_10_14,17.0,11.0,15.0,20.0,23.0,16.0,17.0,25.0,27.0,20.0,40.0,20.0,9.0,12.905882352941175,18.0,17.0,18.0,16.0,12.0,7.0,9.0,11.0,8.5,5.0,12.0,7.0
2017_10_15,13.0,12.0,15.0,20.0,29.0,11.0,16.666666666666668,20.0,16.0,17.424242424242426,34.0,17.424242424242426,5.0,12.929411764705883,10.0,8.0,21.0,14.0,10.0,7.0,10.0,6.0,12.5,9.0,16.0,9.0
2017_10_16,11.0,6.0,11.0,16.0,24.0,9.0,12.833333333333334,18.0,13.0,13.257575757575756,21.0,13.257575757575758,4.0,12.952941176470588,9.0,11.0,19.0,14.0,6.0,6.0,10.0,8.0,12.0,7.0,17.0,12.0
2017_10_17,13.0,12.0,13.0,21.0,28.0,13.0,16.666666666666668,21.0,18.0,16.38888888888889,27.0,8.0,6.0,12.976470588235294,12.0,12.0,15.0,15.0,9.0,5.0,10.0,9.0,15.5,10.0,21.0,15.0
2017_10_18,15.0,16.0,20.0,25.0,33.0,16.0,20.833333333333332,30.0,21.0,20.73611111111111,32.0,13.0,7.0,13.0,13.0,16.0,14.0,15.0,8.0,6.0,9.0,6.0,18.0,10.0,26.0,14.0
2017_10_19,16.0,12.0,19.0,25.0,28.0,17.0,19.5,30.0,28.0,20.0,36.0,9.0,8.0,12.0,22.0,18.5,15.0,20.0,9.0,8.0,9.0,10.0,16.0,10.0,22.0,14.0
2017_10_20,11.0,12.0,14.0,19.0,22.0,14.0,15.333333333333334,15.0,29.0,20.0,43.0,8.0,8.0,18.0,29.0,24.0,19.0,16.0,12.0,6.0,9.0,12.0,17.0,12.0,22.0,15.0
2017_10_21,25.0,24.0,31.0,32.0,41.0,22.0,29.166666666666668,36.0,33.0,19.0,51.0,9.0,8.0,19.0,28.0,26.0,24.0,16.0,11.0,8.0,9.0,14.0,18.5,16.0,21.0,11.0
2017_10_22,14.0,15.0,20.0,25.0,27.0,16.0,19.5,24.0,22.0,18.0,30.0,8.0,8.0,20.0,12.0,14.0,16.0,19.0,11.0,6.0,10.0,11.0,15.0,10.0,20.0,12.0
2017_10_23,12.0,14.0,14.0,19.0,26.0,12.0,16.166666666666668,18.0,18.0,25.0,16.430555555555557,12.0,11.0,20.0,12.0,14.5,17.0,17.0,17.0,6.0,8.0,11.0,16.0,12.0,20.0,14.0
2017_10_24,10.0,11.0,15.0,20.0,26.0,11.0,15.5,24.0,20.0,32.0,18.375,19.0,17.0,23.0,13.0,17.0,17.0,17.0,17.0,12.0,10.0,13.0,14.0,7.0,21.0,12.0
2017_10_25,18.0,21.0,25.0,27.0,22.2,20.0,22.2,27.0,27.0,41.0,23.45,14.0,17.0,29.0,19.0,21.5,24.0,20.0,12.0,12.0,16.0,22.0,19.0,19.0,19.0,9.0
2017_10_26,27.0,40.0,36.0,35.0,32.4,24.0,32.4,41.0,35.0,45.0,33.15,22.0,28.0,24.0,27.0,22.0,23.0,21.0,12.0,18.0,13.0,20.0,12.0,7.0,17.0,7.0
2017_10_27,32.0,39.0,36.0,45.0,35.2,24.0,35.199999999999996,47.0,31.0,51.0,35.86666666666667,26.0,29.0,25.0,26.0,26.0,30.0,19.0,11.0,14.0,16.25,21.0,13.0,6.0,20.0,9.0
2017_10_28,32.0,33.0,38.0,37.0,53.0,26.0,36.5,41.0,37.0,69.0,39.541666666666664,35.0,37.0,35.0,30.0,36.0,43.0,20.0,13.0,16.0,17.5,21.0,16.0,16.0,16.0,7.0
2017_10_29,42.0,42.0,51.0,49.0,61.0,34.0,46.5,54.0,49.0,70.0,50.125,55.0,48.0,40.0,33.0,47.0,45.0,22.0,17.0,21.0,22.0,28.0,11.0,4.0,15.0,9.0
2017_10_30,40.0,43.0,51.0,46.0,43.2,36.0,43.199999999999996,52.0,48.0,63.0,47.61666666666667,57.0,49.0,38.0,32.0,46.0,48.0,37.0,22.0,29.0,31.5,38.0,14.0,7.0,17.0,14.0
2017_10_31,33.0,37.0,45.0,42.0,38.0,33.0,38.0,46.0,40.0,58.0,41.333333333333336,44.0,42.0,39.0,27.0,41.0,39.0,38.0,24.0,29.0,31.0,45.0,23.0,15.0,30.0,25.0
2017_11_01,35.0,37.0,47.0,43.0,58.0,32.0,42.0,46.0,37.0,59.0,43.666666666666664,43.0,45.0,41.0,25.0,35.0,33.0,35.0,27.0,29.0,28.0,38.0,20.0,14.0,28.0,22.0
2017_11_02,33.0,39.0,44.0,43.0,38.0,31.0,38.0,47.0,39.0,63.0,41.333333333333336,42.0,39.0,34.0,18.0,35.0,32.0,32.0,22.0,25.0,23.0,36.0,19.0,19.0,19.0,9.0
2017_11_03,32.0,36.0,43.0,40.0,36.6,32.0,36.6,46.0,41.0,65.0,41.1,47.0,38.0,42.0,22.0,40.0,43.0,31.0,23.0,25.0,31.0,35.0,7.0,9.0,11.0,7.0
2017_11_04,44.0,45.0,57.0,51.0,47.2,39.0,47.199999999999996,59.0,51.0,48.85454545454545,48.85454545454545,50.0,47.0,35.0,30.0,47.0,47.0,44.0,33.0,33.0,37.0,36.75,7.0,7.0,7.0,5.0
2017_11_05,24.0,23.0,35.0,33.0,28.0,25.0,28.0,35.0,32.0,30.272727272727273,30.27272727272727,35.0,35.0,33.0,17.0,25.0,26.0,39.0,25.0,31.0,32.0,31.75,15.0,3.0,12.0,19.0
2017_11_06,38.0,38.0,49.0,48.0,41.0,32.0,41.0,51.0,41.0,39.90909090909091,39.90909090909091,33.0,27.0,32.0,18.0,38.0,39.0,36.0,26.0,30.0,27.0,33.0,10.0,6.0,14.0,13.0
2017_11_07,28.0,32.25,38.0,38.0,32.25,25.0,32.25,41.0,37.0,32.79545454545455,32.79545454545455,31.0,26.0,27.0,29.0,42.0,38.0,31.0,20.0,22.0,22.0,18.0,12.0,5.0,19.0,14.0
2017_11_08,25.0,33.0,37.0,36.0,42.0,25.0,33.0,35.0,27.0,32.72727272727273,32.72727272727273,38.0,29.0,19.0,21.0,28.0,24.0,21.0,16.0,16.0,15.0,20.0,13.0,13.0,13.0,10.0
2017_11_09,18.0,25.6,26.0,29.0,36.0,19.0,25.599999999999998,26.0,29.0,26.018181818181816,26.018181818181816,30.0,22.0,17.0,20.0,20.0,20.0,20.0,12.0,15.0,11.0,17.0,12.0,12.0,12.0,7.0
2017_11_10,18.0,23.6,24.0,28.0,30.0,18.0,23.599999999999998,25.0,26.0,23.654545454545453,23.654545454545456,23.0,21.0,13.0,16.0,22.0,15.0,17.0,12.0,10.0,10.0,18.0,14.0,14.0,14.0,6.0
2017_11_11,12.0,18.6,20.0,21.0,26.0,14.0,18.599999999999998,22.0,25.0,19.836363636363636,19.836363636363636,22.0,19.0,17.0,19.5,21.0,18.0,19.0,10.0,12.0,14.5,17.0,8.0,4.0,12.0,8.0
2017_11_12,18.0,23.4,24.0,26.0,32.0,17.0,23.400000000000002,28.0,28.0,23.345454545454547,23.345454545454544,18.0,19.0,18.0,25.5,29.0,22.0,18.0,10.0,12.0,15.5,22.0,10.0,10.0,10.0,5.0
2017_11_13,24.0,29.2,33.0,33.0,36.0,20.0,29.2,33.0,38.0,27.763636363636362,27.763636363636362,15.0,15.0,24.0,24.5,24.0,25.0,21.0,16.0,16.0,11.0,21.0,13.0,13.0,13.0,8.0
2017_11_14,29.0,34.6,34.0,39.0,48.0,23.0,34.6,39.0,35.0,34.32,34.32,34.32,27.0,23.0,30.5,38.0,23.0,23.0,18.0,14.0,12.0,26.0,9.0,5.0,13.0,6.0
2017_11_15,24.0,31.4,31.0,38.0,43.0,21.0,31.400000000000002,43.0,38.0,32.980000000000004,32.980000000000004,32.980000000000004,29.0,19.0,32.0,40.0,24.0,23.0,18.0,15.0,14.0,24.0,12.0,12.0,12.0,4.0
2017_11_16,18.0,21.0,21.0,24.0,27.0,15.0,21.0,23.0,25.0,21.6,21.599999999999998,21.599999999999998,21.0,12.0,25.0,31.0,20.0,24.0,18.0,19.0,11.0,22.0,11.0,5.0,17.0,8.0
2017_11_17,25.0,29.2,30.0,32.0,40.0,19.0,29.2,34.0,37.0,31.03333333333333,53.0,22.0,22.0,17.0,45.0,37.0,24.0,26.0,18.0,13.0,10.0,16.0,12.0,6.0,18.0,9.0
2017_11_18,42.0,42.6,45.0,45.0,56.0,25.0,42.6,54.0,43.0,40.0,54.0,21.0,22.0,17.0,37.0,40.0,50.0,19.0,17.0,14.0,10.0,21.0,13.5,11.0,16.0,11.0
2017_11_19,28.0,34.2,36.0,37.0,45.0,25.0,34.199999999999996,37.0,37.0,30.0,52.0,17.0,15.0,13.0,27.0,38.0,39.0,22.0,18.0,16.0,13.0,20.0,13.0,8.0,18.0,9.0
2017_11_20,14.0,20.0,19.0,23.0,28.0,16.0,20.0,24.0,19.0,27.0,37.0,11.0,13.0,11.0,15.0,12.0,11.0,24.0,24.0,15.0,15.0,16.0,11.5,7.0,16.0,12.0
2017_11_21,11.0,16.8,17.0,19.0,24.0,13.0,16.8,17.0,19.0,16.054545454545455,16.054545454545455,10.0,13.0,10.0,13.0,12.5,12.0,23.0,23.0,14.0,9.0,14.0,6.0,6.0,6.0,7.0
2017_11_22,19.0,23.6,22.0,27.0,34.0,16.0,23.599999999999998,26.0,25.0,22.599999999999998,24.0,15.0,16.0,11.0,14.0,20.0,17.0,20.0,20.0,11.0,18.75,24.0,5.0,5.0,5.0,8.0
2017_11_23,10.0,15.0,17.0,17.0,23.0,12.0,15.666666666666666,19.0,19.0,17.305555555555557,20.0,21.0,19.0,9.0,11.0,14.0,13.0,23.0,18.0,14.0,10.0,22.0,13.0,13.0,13.0,5.0
2017_11_24,10.0,20.0,18.0,20.0,26.0,13.0,17.833333333333332,17.0,16.0,17.902777777777775,15.0,21.0,21.0,10.8,8.0,14.0,15.0,25.0,17.0,11.0,11.0,20.0,14.0,14.0,14.0,7.0
2017_11_25,20.0,23.0,29.0,29.0,35.0,20.0,26.0,30.0,21.0,25.666666666666668,31.0,23.0,21.0,12.6,10.0,20.0,18.0,24.0,14.0,17.75,14.0,19.0,14.0,14.0,14.0,6.0
2017_11_26,21.0,23.0,29.0,31.0,35.0,21.0,26.666666666666668,30.0,26.0,26.138888888888886,26.0,23.0,22.0,14.399999999999999,11.0,21.0,19.0,21.0,12.0,18.0,18.0,21.0,8.0,8.0,8.0,5.0
2017_11_27,17.0,23.0,26.0,28.0,35.0,25.8,25.8,25.0,27.0,25.55,26.0,21.0,27.0,16.2,13.0,22.0,22.0,25.0,17.0,21.333333333333332,21.333333333333332,22.0,13.0,13.0,13.0,7.0
2017_11_28,23.0,24.0,34.0,33.0,42.0,31.2,31.2,31.0,38.0,30.366666666666664,28.0,24.0,25.0,18.0,19.0,29.0,25.0,32.0,23.0,25.333333333333332,25.333333333333332,21.0,10.0,10.0,10.0,5.0
2017_11_29,22.0,25.0,24.0,27.0,41.0,29.0,28.0,26.0,29.0,26.583333333333332,23.0,22.0,23.0,20.0,19.0,30.0,20.0,27.0,15.0,18.75,12.0,21.0,9.0,9.0,9.0,4.0
2017_11_30,29.8,23.0,27.0,30.0,40.0,29.0,29.8,25.0,27.0,27.633333333333336,24.0,21.0,26.0,18.0,18.0,24.0,16.0,25.0,17.0,18.5,11.0,21.0,7.5,4.0,11.0,3.0
2017_12_01,32.8,28.0,34.0,30.0,42.0,30.0,32.800000000000004,32.0,28.0,30.383333333333336,27.0,24.0,24.0,18.0,19.0,26.0,16.0,24.0,15.0,21.333333333333332,21.333333333333332,25.0,9.0,11.0,13.0,8.0
2017_12_02,31.0,24.0,31.0,31.0,42.0,27.0,31.0,35.0,31.0,30.181818181818183,24.0,30.181818181818183,25.0,16.0,12.0,23.0,12.0,26.0,13.0,18.0,13.0,20.0,10.0,10.5,11.0,7.0
2017_12_03,26.6,27.0,25.0,26.0,35.0,20.0,26.599999999999998,30.0,20.0,26.563636363636363,31.0,26.563636363636363,25.0,20.0,12.0,10.5,9.0,26.0,15.0,22.0,22.0,25.0,8.0,9.0,10.0,5.0
2017_12_04,24.2,19.0,22.0,27.0,35.0,18.0,24.2,28.0,22.0,24.78333333333333,29.0,25.0,24.0,18.0,11.0,12.0,13.0,27.0,27.0,24.75,15.0,30.0,10.0,6.0,14.0,6.0
2017_12_05,11.0,19.0,24.0,20.0,32.0,17.0,20.5,26.0,22.0,21.40909090909091,21.0,21.409090909090907,23.0,19.0,10.0,12.0,14.0,29.0,29.0,25.5,17.0,27.0,13.0,13.0,13.0,5.0
2017_12_06,20.0,28.0,31.0,33.0,47.0,22.0,30.166666666666668,36.0,27.0,30.65151515151515,32.0,30.651515151515145,31.0,23.0,18.0,29.0,17.0,33.0,23.0,30.0,30.0,34.0,11.0,11.0,11.0,7.0
2017_12_07,23.0,36.0,34.0,35.0,53.0,24.0,34.166666666666664,37.0,34.0,35.46969696969697,44.0,35.46969696969697,36.0,32.0,23.0,27.0,31.0,37.0,28.0,33.666666666666664,33.666666666666664,36.0,11.0,7.0,15.0,8.0
2017_12_08,26.0,29.0,39.0,38.0,50.0,28.0,35.0,46.0,36.0,38.166666666666664,52.0,44.0,35.0,21.0,30.0,28.0,18.0,39.0,29.0,31.75,22.0,37.0,12.0,8.0,17.0,10.0
2017_12_09,17.0,23.0,28.0,25.0,37.0,21.0,25.166666666666668,31.0,30.0,29.347222222222218,41.0,40.0,34.0,31.0,16.0,25.0,27.0,41.0,41.0,36.0,22.0,40.0,11.0,8.0,17.0,10.0
2017_12_10,39.0,38.0,54.0,50.0,60.0,40.0,46.833333333333336,58.0,48.0,48.069444444444436,53.0,47.0,43.0,36.0,28.0,44.0,44.0,36.0,36.0,32.0,21.0,35.0,15.0,15.0,21.0,13.0
2017_12_11,50.0,61.0,68.0,69.0,88.0,48.0,64.0,81.0,58.0,62.166666666666664,68.0,49.0,42.0,41.0,35.0,56.0,35.0,26.0,26.0,28.5,23.0,39.0,22.0,13.0,26.0,20.0
2017_12_12,25.0,34.0,42.0,38.0,44.0,29.0,35.333333333333336,47.0,38.0,39.69444444444445,66.0,40.0,38.0,33.0,31.0,44.0,52.0,30.0,14.0,23.75,24.0,27.0,26.0,21.0,27.0,20.0
2017_12_13,16.0,26.0,33.0,32.0,33.0,24.0,27.333333333333332,38.0,29.0,27.0,42.0,25.0,25.0,46.0,21.0,33.0,40.0,26.0,15.0,22.0,23.0,21.5,19.0,18.0,28.0,19.0
2017_12_14,20.0,26.0,34.0,34.0,36.0,24.0,29.0,44.0,27.0,28.0,48.0,21.0,26.0,42.0,18.0,29.0,37.0,22.0,13.0,20.0,20.0,25.0,22.0,16.0,24.0,18.0
2017_12_15,28.0,40.0,46.0,42.0,44.0,31.0,38.5,52.0,42.0,53.0,69.0,33.0,33.0,31.0,25.0,34.0,44.0,30.0,15.0,24.0,16.0,28.0,28.0,17.0,25.0,21.0
2017_12_16,25.0,28.0,38.0,38.0,42.0,27.0,33.0,48.0,35.0,59.0,32.0,43.0,39.0,12.0,22.0,25.0,24.0,29.0,19.0,27.0,17.0,32.0,23.0,14.0,24.0,15.0
2017_12_17,9.0,18.0,17.0,15.0,20.0,12.0,15.166666666666666,22.0,20.0,24.0,16.0,29.0,26.0,18.0,11.0,19.0,20.0,33.0,23.0,23.0,11.0,29.0,12.0,11.0,21.0,12.0
2017_12_18,29.0,29.0,39.0,33.0,38.0,24.0,32.0,40.0,36.0,48.0,36.0,41.0,40.0,32.0,20.0,37.0,38.0,30.0,20.0,20.0,19.0,31.0,7.0,8.0,17.0,10.0
2017_12_19,38.0,30.0,54.0,42.0,48.0,35.0,41.166666666666664,51.0,38.0,57.0,41.0,51.0,43.84722222222223,50.0,22.0,40.0,38.0,35.0,22.0,28.0,30.0,41.0,14.0,9.0,23.0,13.0
2017_12_20,41.0,39.0,59.0,51.0,55.0,39.0,47.333333333333336,54.0,42.0,72.0,43.0,66.0,49.0,43.0,22.0,42.0,43.0,38.0,25.0,37.0,34.0,39.0,21.0,14.0,30.0,18.0
2017_12_21,47.0,55.0,59.0,53.0,57.0,35.0,51.0,58.0,55.0,70.0,47.0,64.0,49.0,46.0,21.0,41.0,37.0,39.0,27.0,35.0,40.0,49.0,20.0,13.0,27.0,20.0
2017_12_22,50.0,58.0,64.0,58.0,69.0,36.0,55.833333333333336,61.0,66.0,74.0,50.0,53.0,56.0,42.0,34.0,63.0,55.0,39.0,26.0,40.0,30.0,52.0,19.0,7.0,22.0,22.0
2017_12_23,54.0,61.0,68.0,62.0,75.0,38.0,59.666666666666664,70.0,77.0,96.0,64.0,58.0,57.0,34.0,52.0,78.0,55.0,40.0,34.0,41.0,43.75,60.0,15.0,14.5,14.0,21.0
2017_12_24,44.0,51.0,62.0,59.0,67.0,36.0,53.166666666666664,65.0,62.0,78.0,44.0,44.0,44.0,25.0,37.0,63.0,31.0,34.0,24.0,34.0,18.0,40.0,10.0,11.0,17.0,10.0
2017_12_25,20.0,25.0,30.0,30.0,39.0,21.0,27.5,37.0,35.0,46.0,29.0,47.0,35.0,35.0,14.0,30.0,37.0,29.0,20.0,24.0,30.0,45.0,12.0,12.0,23.0,13.0
2017_12_26,51.0,55.6,62.0,60.0,70.0,35.0,55.6,72.0,57.0,73.0,51.0,55.0,56.0,50.0,40.0,49.0,52.0,43.0,32.0,38.0,42.0,44.0,13.0,6.0,17.0,18.0
2017_12_27,38.0,41.2,46.0,45.0,52.0,25.0,41.199999999999996,56.0,48.0,45.0,32.0,23.0,15.0,29.0,32.0,29.5,27.0,35.0,26.0,21.0,29.0,21.0,9.0,10.0,16.0,19.0
2017_12_28,18.0,21.0,26.0,29.0,37.0,18.0,24.833333333333332,30.0,30.0,28.0,17.0,11.0,8.0,18.0,30.0,34.0,23.0,16.0,10.0,6.0,10.25,9.0,8.0,7.0,17.0,10.0
2017_12_29,14.0,15.0,20.0,24.0,31.0,15.0,19.833333333333332,24.0,23.0,24.0,19.0,12.0,15.0,17.0,24.0,29.0,25.0,19.0,15.0,11.0,11.0,10.0,9.0,11.0,15.0,9.0
2017_12_30,14.0,22.0,22.0,24.0,31.0,16.0,21.5,26.0,24.0,29.0,16.0,14.0,20.0,11.0,21.0,20.0,25.0,20.0,17.0,12.0,12.0,14.0,9.0,12.0,17.0,8.0
2017_12_31,15.0,18.0,24.0,23.0,28.0,14.0,20.333333333333332,26.0,24.0,34.0,12.0,16.0,19.0,11.0,15.0,15.0,15.0,21.0,14.0,12.0,12.0,15.0,10.0,15.0,18.0,9.0
