Date,05T,59T,61T,50T,52T,53T,54T,08T,19T,24T,26T,27T,79T,30T,32T,77T,35T,36T,40T,75T,76T,44T,62T,63T,46T,80T
2017-01-01,33.0,21.0,28.0,26.5,34.0,26.5,26.5,28.0,26.5,17.0,24.0,27.0,26.5,17.0,21.0,18.0,30.0,21.75,21.0,16.0,20.0,7.0,7.0,7.0,,
2017-01-02,28.0,19.0,27.0,24.875,32.0,24.875,24.875,26.0,24.875,17.0,25.0,25.0,24.875,21.0,24.0,15.0,11.333333333333334,11.333333333333334,11.0,5.0,18.0,9.0,9.0,9.0,,
2017-01-03,31.0,19.0,32.0,28.75,34.0,28.75,28.75,28.0,28.75,22.0,28.0,36.0,28.75,15.0,19.0,19.0,12.5,13.0,12.0,4.0,21.0,6.0,6.0,6.0,,
2017-01-04,37.0,21.0,34.0,34.125,37.0,34.125,34.125,28.0,34.125,32.0,35.0,49.0,34.125,22.0,24.0,21.0,19.0,12.25,10.0,2.0,18.0,5.0,5.0,5.0,37.0,
2017-01-05,45.0,29.0,40.0,39.25,45.0,39.25,39.25,34.0,39.25,34.0,39.0,48.0,39.25,23.0,24.0,29.0,9.5,9.5,7.0,9.5,12.0,7.0,7.0,7.0,42.0,
2017-01-06,43.0,27.0,38.0,36.0,44.0,36.0,36.0,36.0,36.0,31.0,31.0,38.0,36.0,27.0,34.0,20.0,8.75,13.0,7.0,5.0,10.0,5.0,5.0,5.0,37.0,
2017-01-07,46.0,30.0,42.0,44.25,52.0,44.25,44.25,41.0,44.25,57.0,36.0,50.0,44.25,37.5,42.0,33.0,22.0,15.0,10.0,6.0,16.0,,,,50.0,
2017-01-08,43.0,35.0,43.0,44.875,49.0,44.875,44.875,39.0,44.875,59.0,40.0,51.0,44.875,26.0,27.0,25.0,28.0,23.0,12.0,6.0,29.0,6.0,6.0,6.0,,
2017-01-09,35.0,27.0,33.0,40.75,39.0,40.75,40.75,30.0,40.75,71.0,33.0,58.0,40.75,25.0,20.0,30.0,28.0,18.5,16.0,6.0,24.0,10.0,10.0,10.0,,
2017-01-10,36.0,38.0,41.0,41.75,51.0,41.75,41.75,45.0,41.75,79.0,14.0,30.0,41.75,34.0,34.0,34.0,13.5,20.0,12.0,5.0,17.0,12.0,12.0,12.0,,
2017-01-11,25.0,17.0,24.0,27.25,29.0,27.25,27.25,26.0,27.25,70.0,10.0,17.0,27.25,19.0,20.0,18.0,10.0,12.0,6.0,10.0,12.0,10.0,10.0,10.0,40.0,
2017-01-12,19.0,17.0,22.0,20.0,19.0,20.0,20.0,19.0,20.0,47.0,9.0,8.0,20.0,13.0,13.0,22.0,18.0,12.0,10.0,13.0,12.0,12.0,12.0,12.0,57.0,
2017-01-13,29.0,20.0,30.0,26.875,27.0,26.875,26.875,25.0,26.875,59.0,12.0,13.0,26.875,21.0,14.0,30.0,21.0,14.0,14.0,6.0,24.0,14.0,14.0,14.0,45.0,
2017-01-14,46.0,31.0,39.0,42.5,44.0,42.5,42.5,39.0,42.5,75.0,27.0,39.0,42.5,28.0,32.5,37.0,26.0,14.0,14.0,8.0,32.0,18.0,18.0,18.0,36.0,
2017-01-15,62.0,40.0,51.0,52.625,54.0,52.625,52.625,60.0,52.625,58.0,38.0,58.0,52.625,36.5,40.0,33.0,27.0,18.0,17.0,8.0,33.0,14.0,14.0,14.0,,
2017-01-16,43.0,28.0,38.0,41.5,42.0,41.5,41.5,35.0,41.5,46.0,49.0,51.0,41.5,28.0,20.0,26.0,32.0,19.0,18.0,9.0,31.0,12.0,12.0,12.0,,
2017-01-17,36.0,23.0,35.0,40.5,36.0,40.5,40.5,31.0,40.5,63.0,53.0,47.0,40.5,16.0,16.0,23.0,35.0,26.0,24.0,9.0,46.0,6.0,6.0,6.0,26.0,
2017-01-18,46.0,32.0,40.0,41.0,42.0,41.0,41.0,34.0,41.0,51.0,33.0,50.0,41.0,23.0,20.0,26.0,37.0,25.0,24.0,12.0,40.0,10.0,10.0,10.0,,
2017-01-19,42.0,41.0,38.0,44.875,47.0,44.875,44.875,34.0,44.875,48.0,43.0,66.0,44.875,29.0,22.0,32.0,36.0,33.0,20.0,10.0,33.0,,,,37.0,
2017-01-20,40.0,29.0,36.0,41.0,36.0,41.0,41.0,36.0,41.0,43.0,47.0,61.0,41.0,30.0,22.0,28.0,32.0,27.0,20.0,12.0,30.0,,,,24.0,
2017-01-21,37.0,27.0,34.0,36.625,35.0,36.625,36.625,30.0,36.625,31.0,48.0,51.0,36.625,26.0,20.0,28.0,34.0,29.0,18.0,11.0,28.0,13.0,13.0,13.0,,
2017-01-22,31.0,23.0,28.0,29.0,31.0,29.0,29.0,24.0,29.0,25.0,37.0,33.0,29.0,21.0,16.0,21.0,27.0,21.0,16.0,7.0,35.0,13.0,13.0,13.0,,
2017-01-23,38.0,25.0,32.0,33.625,35.0,33.625,33.625,29.0,33.625,29.0,37.0,44.0,33.625,21.0,19.0,27.0,29.0,24.0,16.0,9.0,27.0,10.0,10.0,10.0,32.0,
2017-01-24,43.0,34.0,40.0,40.5,46.0,40.5,40.5,37.0,40.5,32.0,39.0,53.0,40.5,21.0,26.0,30.0,34.0,21.0,18.0,9.0,31.0,16.0,16.0,16.0,41.0,
2017-01-25,55.0,45.0,48.0,49.0,57.0,49.0,49.0,49.0,49.0,39.0,42.0,57.0,49.0,33.0,34.0,56.0,32.0,19.0,18.0,10.0,33.0,14.0,14.0,14.0,28.0,
2017-01-26,35.0,32.0,32.0,36.625,44.0,36.625,36.625,29.0,36.625,33.0,34.0,54.0,36.625,16.0,16.0,27.0,30.0,15.0,22.0,10.0,31.0,9.0,9.0,9.0,,
2017-01-27,38.0,27.0,35.0,36.5,43.0,36.5,36.5,32.0,36.5,37.0,36.0,44.0,36.5,17.0,20.0,25.0,33.0,20.0,16.0,11.0,36.0,,,,29.0,
2017-01-28,45.0,29.0,39.0,40.5,45.0,40.5,40.5,39.0,40.5,42.0,41.0,44.0,40.5,20.0,23.0,36.0,32.0,24.0,17.0,11.0,42.0,,,,35.0,
2017-01-29,58.0,47.0,53.0,56.75,62.0,56.75,56.75,57.0,56.75,80.0,44.0,53.0,56.75,40.0,38.0,42.0,39.0,28.0,32.0,15.0,28.5,17.0,17.0,17.0,64.0,
2017-01-30,55.0,45.0,51.0,55.375,58.0,55.375,55.375,52.0,55.375,82.0,48.0,52.0,55.375,48.5,42.0,55.0,40.0,28.0,36.0,16.0,47.0,20.0,20.0,20.0,62.0,
2017-01-31,52.0,46.0,50.0,52.0,58.0,52.0,52.0,52.0,52.0,44.0,55.0,59.0,52.0,42.0,36.0,48.0,52.0,40.0,37.0,17.0,57.0,13.0,13.0,13.0,33.0,
2017-02-01,58.0,40.0,47.0,53.625,54.0,53.625,53.625,49.0,53.625,59.0,51.0,71.0,53.625,36.0,31.0,41.0,51.0,39.0,33.0,17.0,48.0,13.0,13.0,13.0,44.0,
2017-02-02,49.0,48.0,50.0,49.75,59.0,49.75,49.75,45.0,49.75,35.0,45.0,67.0,49.75,30.5,30.0,31.0,44.0,33.0,21.0,17.0,45.0,23.0,23.0,23.0,24.0,
2017-02-03,23.0,16.0,24.0,25.875,21.0,25.875,25.875,19.0,25.875,38.0,44.0,22.0,25.875,11.0,17.0,23.0,39.0,26.0,24.0,13.0,37.0,24.0,24.0,24.0,,
2017-02-04,43.0,28.0,38.0,41.0,35.0,41.0,41.0,37.0,41.0,46.0,44.0,57.0,41.0,35.0,35.0,35.0,36.0,27.0,25.0,14.0,39.0,9.0,9.0,9.0,39.0,
2017-02-05,56.0,45.0,49.0,52.25,57.0,52.25,52.25,50.0,52.25,65.0,43.0,53.0,52.25,48.5,51.0,46.0,37.0,25.0,19.0,11.0,42.0,9.0,9.0,9.0,53.0,
2017-02-06,70.0,52.0,62.0,60.5,68.0,60.5,60.5,63.0,60.5,77.0,36.0,56.0,60.5,62.5,66.0,59.0,45.0,36.0,24.0,19.0,47.0,15.0,15.0,15.0,52.0,
2017-02-07,51.0,42.0,45.0,47.875,52.0,47.875,47.875,48.0,47.875,89.0,24.0,32.0,47.875,56.0,38.0,74.0,51.0,40.0,22.0,21.0,44.0,19.0,19.0,19.0,65.0,
2017-02-08,37.0,31.0,35.0,38.25,38.0,38.25,38.25,32.0,38.25,86.0,23.0,24.0,38.25,45.0,25.0,65.0,45.0,39.0,29.0,19.0,47.0,20.0,20.0,20.0,109.0,
2017-02-09,47.0,41.0,48.0,48.5,47.0,48.5,48.5,44.0,48.5,86.0,40.0,35.0,48.5,23.0,28.0,60.0,46.0,41.0,34.0,23.0,51.0,18.0,18.0,18.0,56.0,
2017-02-10,50.0,43.0,53.0,51.625,52.0,51.625,51.625,48.0,51.625,64.0,62.0,41.0,51.625,52.0,41.0,63.0,50.0,40.0,47.0,31.0,65.0,16.0,16.0,16.0,34.0,
2017-02-11,54.0,42.0,51.0,52.875,52.0,52.875,52.875,52.0,52.875,39.0,68.0,65.0,52.875,43.0,47.0,46.0,59.0,47.0,44.0,20.0,58.0,14.0,14.0,14.0,33.0,
2017-02-12,45.0,38.0,51.0,45.0,51.0,45.0,45.0,39.0,45.0,31.0,66.0,39.0,45.0,28.0,31.0,35.0,63.0,51.0,34.0,18.0,46.0,15.0,15.0,15.0,48.0,
2017-02-13,61.0,48.0,54.0,56.714285714285715,62.0,56.714285714285715,56.714285714285715,56.71428571428571,56.714285714285715,47.0,63.0,62.0,56.71428571428572,34.0,42.0,61.0,60.0,49.0,38.0,23.0,56.0,16.0,16.0,16.0,50.0,
2017-02-14,71.0,59.0,67.0,68.71428571428571,75.0,68.71428571428572,68.71428571428572,68.71428571428571,68.71428571428572,52.0,76.0,81.0,68.71428571428572,51.5,45.0,58.0,63.0,54.0,41.0,25.0,74.0,14.0,14.0,14.0,47.0,
2017-02-15,64.0,53.0,59.0,63.75,70.0,63.75,63.75,57.0,63.75,48.0,77.0,82.0,63.75,31.0,38.0,44.0,62.0,48.0,31.0,23.0,56.0,10.0,10.0,10.0,40.0,
2017-02-16,58.0,51.0,57.0,61.25,66.0,61.25,61.25,51.0,61.25,58.0,69.0,80.0,61.25,31.0,34.0,43.0,55.0,43.0,30.0,20.0,50.0,10.0,10.0,10.0,35.0,
2017-02-17,59.0,47.0,59.142857142857146,59.14285714285714,60.0,59.14285714285714,59.142857142857146,54.0,59.14285714285714,71.0,60.0,63.0,59.142857142857146,45.0,45.0,45.0,52.0,39.0,31.0,21.0,35.75,11.0,11.0,11.0,53.0,
2017-02-18,64.0,51.0,67.0,67.0,73.0,67.0,67.0,65.0,67.0,63.0,84.0,69.0,67.0,63.5,61.0,66.0,51.0,39.0,34.0,22.0,36.5,9.0,9.0,9.0,42.0,
2017-02-19,76.0,70.0,74.0,74.0,86.0,74.0,74.0,80.0,74.0,54.0,77.0,75.0,74.0,64.5,67.0,62.0,62.0,44.0,38.0,19.0,81.0,9.0,9.0,9.0,44.0,
2017-02-20,48.0,54.0,55.0,55.0,52.0,55.0,55.0,48.0,55.0,87.0,55.0,41.0,55.0,62.0,43.0,81.0,61.0,50.0,41.0,26.0,84.0,13.0,13.0,13.0,69.0,
2017-02-21,33.0,37.0,40.0,40.0,37.0,40.0,40.0,34.0,40.0,60.0,47.0,32.0,40.0,40.5,25.0,56.0,50.0,37.0,34.0,26.0,69.0,13.0,13.0,13.0,81.0,
2017-02-22,25.0,22.0,27.0,27.0,25.0,27.0,27.0,21.0,27.0,51.0,31.0,14.0,27.0,33.0,21.0,45.0,46.0,39.0,46.0,24.0,62.0,9.0,9.0,9.0,86.0,
2017-02-23,17.0,16.0,21.0,21.0,18.0,21.0,21.0,16.0,21.0,48.0,24.0,8.0,21.0,26.5,15.0,38.0,37.0,26.0,37.0,20.0,30.0,9.0,9.0,9.0,79.0,
2017-02-24,14.0,15.0,15.0,16.125,15.0,16.125,16.125,14.0,16.125,36.0,16.0,4.0,16.125,19.5,15.0,24.0,43.0,34.0,34.0,21.0,46.0,7.0,7.0,7.0,53.0,
2017-02-25,18.0,17.0,24.0,18.375,16.0,18.375,18.375,15.0,18.375,35.0,16.0,6.0,18.375,17.0,17.0,25.0,42.0,38.0,41.0,22.0,45.0,9.0,9.0,9.0,,
2017-02-26,22.0,24.0,27.0,22.625,22.0,22.625,22.625,20.0,22.625,40.0,20.0,6.0,22.625,14.0,14.0,14.0,52.0,47.0,32.0,19.0,50.0,9.0,9.0,9.0,,
2017-02-27,38.0,32.0,39.0,38.375,42.0,38.375,38.375,35.0,38.375,38.0,41.0,42.0,38.375,25.0,25.0,25.0,49.0,41.0,36.0,22.0,52.0,8.0,8.0,8.0,36.0,
2017-02-28,62.0,56.0,60.0,62.875,71.0,62.875,62.875,62.0,62.875,56.0,66.0,70.0,62.875,38.0,48.0,55.0,48.0,39.0,40.0,22.0,53.0,10.0,10.0,10.0,38.0,
2017-03-01,61.0,50.0,57.0,62.25,67.0,62.25,62.25,57.0,62.25,70.0,76.0,60.0,62.25,36.0,49.0,52.0,53.0,38.0,44.0,21.0,53.0,12.0,12.0,12.0,39.0,
2017-03-02,67.0,55.0,61.0,63.5,70.0,63.5,63.5,64.0,63.5,47.0,82.0,62.0,63.5,46.0,58.0,52.0,60.0,48.0,51.0,20.0,65.0,13.0,13.0,13.0,41.0,
2017-03-03,65.0,63.0,65.0,68.375,86.0,68.375,68.375,68.0,68.375,60.0,76.0,64.0,68.375,66.0,57.0,68.0,78.0,67.0,51.0,23.0,73.0,13.0,13.0,13.0,62.0,
2017-03-04,44.0,48.0,48.0,50.25,50.0,50.25,50.25,41.0,50.25,79.0,59.0,33.0,50.25,48.0,43.0,76.0,61.0,48.0,67.0,33.0,58.0,16.0,16.0,16.0,77.0,
2017-03-05,34.0,36.0,37.0,37.5,38.0,37.5,37.5,33.0,37.5,51.0,41.0,30.0,37.5,33.0,28.0,49.0,63.0,55.0,87.0,66.5,61.0,19.0,19.0,19.0,78.0,
2017-03-06,32.0,34.0,36.0,32.75,37.0,32.75,32.75,29.0,32.75,40.0,31.0,23.0,32.75,27.0,27.0,37.0,67.0,54.0,84.0,63.0,47.0,22.0,22.0,22.0,85.0,
2017-03-07,28.0,28.0,30.0,29.25,29.0,29.25,29.25,26.0,29.25,44.0,33.0,16.0,29.25,30.0,25.0,37.0,67.0,54.0,85.0,46.0,48.0,23.0,23.0,23.0,71.0,
2017-03-08,29.0,32.0,31.0,30.25,31.0,30.25,30.25,30.0,30.25,45.0,26.0,18.0,30.25,26.0,28.0,42.0,72.0,61.0,73.0,46.0,41.0,16.0,16.0,16.0,52.0,
2017-03-09,28.0,30.0,29.0,28.25,29.0,28.25,28.25,26.0,28.25,42.0,25.0,17.0,28.25,21.0,21.0,32.0,47.0,42.0,52.0,35.0,28.0,12.0,12.0,12.0,,
2017-03-10,23.0,24.0,23.0,21.75,21.0,21.75,21.75,20.0,21.75,32.0,21.0,10.0,21.75,19.0,18.0,31.0,50.0,36.0,40.0,26.0,22.0,10.0,10.0,10.0,45.0,
2017-03-11,25.0,22.0,23.0,24.875,24.0,24.875,24.875,21.0,24.875,42.0,30.0,12.0,24.875,25.0,21.0,33.0,45.0,34.0,48.0,22.0,28.0,13.0,13.0,13.0,53.0,
2017-03-12,26.0,27.0,25.0,26.25,27.0,26.25,26.25,23.0,26.25,38.0,28.0,16.0,26.25,22.0,18.0,36.0,40.0,33.0,24.0,24.0,24.0,16.0,16.0,16.0,50.0,
2017-03-13,31.0,35.0,32.0,32.75,40.0,32.75,32.75,32.0,32.75,43.0,25.0,24.0,32.75,21.0,21.0,31.0,44.0,36.0,34.0,17.0,34.0,19.0,19.0,19.0,55.0,
2017-03-14,25.0,28.0,26.0,27.875,27.0,27.875,27.875,23.0,27.875,52.0,30.0,12.0,27.875,21.0,20.0,33.0,59.0,45.0,69.0,19.0,68.0,23.0,23.0,23.0,95.0,
2017-03-15,26.0,22.0,26.0,24.5,25.0,24.5,24.5,23.0,24.5,38.0,25.0,11.0,24.5,23.0,22.0,27.0,59.0,45.0,56.0,38.0,74.0,24.0,24.0,24.0,78.0,
2017-03-16,27.0,26.0,24.0,25.875,26.0,25.875,25.875,22.0,25.875,43.0,25.0,14.0,25.875,18.0,22.0,27.0,58.0,38.0,72.0,63.0,116.0,20.0,20.0,20.0,,
2017-03-17,27.0,27.0,25.0,27.375,25.0,27.375,27.375,24.0,27.375,50.0,23.0,18.0,27.375,22.0,21.0,25.0,62.0,47.0,47.0,59.0,50.0,16.0,16.0,16.0,,
2017-03-18,17.0,17.0,17.0,19.5,18.0,19.5,19.5,16.0,19.5,42.0,17.0,12.0,19.5,19.0,16.0,21.0,56.0,45.75,54.0,31.0,42.0,17.0,17.0,17.0,,
2017-03-19,16.0,18.0,15.0,18.0,15.0,18.0,18.0,14.0,18.0,33.0,17.0,16.0,18.0,15.0,14.0,21.0,57.0,40.0,36.0,17.0,38.0,18.0,18.0,18.0,,
2017-03-20,14.0,14.0,14.0,17.125,14.0,17.125,17.125,13.0,17.125,41.0,17.0,10.0,17.125,12.0,12.0,24.0,105.0,84.0,49.0,28.0,68.0,30.0,30.0,30.0,,
2017-03-21,26.0,20.0,24.0,25.875,30.0,25.875,25.875,25.0,25.875,40.0,22.0,20.0,25.875,8.0,15.0,22.0,77.0,73.0,59.0,42.0,64.0,13.0,13.0,13.0,,
2017-03-22,26.0,29.0,25.0,31.5,29.0,31.5,31.5,24.0,31.5,49.0,39.0,31.0,31.5,10.0,17.0,27.0,71.0,64.0,62.0,50.0,70.0,12.0,12.0,12.0,,
2017-03-23,19.0,22.0,18.0,20.875,19.0,20.875,20.875,16.0,20.875,36.0,22.0,15.0,20.875,10.0,12.0,19.0,114.0,98.0,95.0,56.0,111.0,15.0,15.0,15.0,,
2017-03-24,18.0,15.0,17.0,18.875,18.0,18.875,18.875,15.0,18.875,37.0,20.0,11.0,18.875,10.0,14.0,18.0,110.0,96.0,72.0,64.0,69.0,10.0,10.0,10.0,,
2017-03-25,23.0,22.0,23.0,24.75,21.0,24.75,24.75,20.0,24.75,38.0,32.0,19.0,24.75,22.0,20.0,24.0,67.0,57.0,43.0,59.0,57.0,11.0,11.0,11.0,,
2017-03-26,25.0,24.0,29.0,22.375,21.0,22.375,22.375,17.0,22.375,33.0,18.0,12.0,22.375,21.0,19.0,30.0,64.0,51.0,44.0,48.0,67.0,13.0,13.0,13.0,,
2017-03-27,23.0,25.0,24.0,25.875,30.0,25.875,25.875,23.0,25.875,40.0,12.0,30.0,25.875,21.0,16.0,21.0,45.0,32.0,18.0,16.0,60.0,7.0,7.0,7.0,,
2017-03-28,38.0,29.0,34.0,36.0,38.0,36.0,36.0,31.0,36.0,35.0,38.0,45.0,36.0,22.0,19.0,25.0,49.0,29.0,25.0,36.5,43.0,9.0,9.0,9.0,,
2017-03-29,32.0,30.0,29.0,31.875,31.0,31.875,31.875,26.0,31.875,53.0,30.0,24.0,31.875,33.0,23.0,28.0,54.0,41.0,30.0,31.0,47.0,9.0,9.0,9.0,32.0,
2017-03-30,24.0,30.0,28.0,23.75,23.0,23.75,23.75,24.0,23.75,33.0,15.0,13.0,23.75,18.0,18.0,26.0,52.0,34.0,35.0,29.0,43.0,12.0,12.0,12.0,35.0,
2017-03-31,15.0,16.0,14.857142857142858,14.857142857142858,16.0,14.857142857142858,14.857142857142858,12.0,14.85714285714286,22.0,14.0,9.0,14.85714285714286,9.0,15.0,21.0,56.0,49.0,35.0,26.0,40.0,10.0,10.0,10.0,29.0,
2017-04-01,21.0,15.0,21.571428571428573,21.57142857142857,23.0,21.57142857142857,21.571428571428573,22.0,21.57142857142857,28.0,18.0,24.0,21.57142857142857,15.0,16.0,15.0,58.0,49.0,24.0,14.0,46.0,10.0,10.0,10.0,14.0,
2017-04-02,29.0,23.0,28.0,28.0,30.0,28.0,28.0,23.0,28.0,27.0,33.0,31.0,28.0,20.0,22.0,24.0,19.0,17.0,15.0,10.0,34.0,11.0,11.0,11.0,27.0,
2017-04-03,42.0,36.0,39.0,39.0,45.0,39.0,39.0,37.0,39.0,41.0,33.0,39.0,39.0,27.0,24.0,28.0,41.0,27.0,26.0,16.0,35.0,5.0,5.0,5.0,21.0,
2017-04-04,39.0,35.0,42.42857142857143,42.42857142857143,50.0,42.42857142857143,42.42857142857143,42.0,42.42857142857143,44.0,39.0,48.0,42.42857142857143,33.0,29.0,29.0,52.0,38.0,34.0,23.0,32.0,9.0,9.0,9.0,35.0,
2017-04-05,47.0,40.0,43.142857142857146,43.14285714285714,46.0,43.14285714285714,43.142857142857146,40.0,43.14285714285714,59.0,29.0,41.0,43.142857142857146,39.0,30.0,26.0,61.0,45.0,39.0,45.0,35.0,11.0,11.0,11.0,53.0,
2017-04-06,29.5,27.0,29.5,29.5,33.0,29.5,29.5,29.0,29.5,42.0,23.0,23.0,29.5,16.0,22.0,18.0,71.0,61.0,55.0,27.0,49.0,12.0,12.0,12.0,34.0,
2017-04-07,21.666666666666668,21.0,21.666666666666668,21.666666666666668,17.0,21.666666666666668,21.666666666666668,18.0,21.666666666666668,42.0,17.0,15.0,21.666666666666668,12.0,14.0,17.0,78.0,69.0,50.0,35.0,53.0,8.0,8.0,8.0,31.0,
2017-04-08,15.0,12.0,14.0,15.0,14.0,15.0,15.0,12.0,15.0,34.0,10.0,9.0,15.0,13.0,15.0,19.0,90.0,74.0,37.0,37.0,44.0,17.0,17.0,17.0,25.0,
2017-04-09,14.666666666666666,10.0,12.0,14.666666666666666,14.666666666666666,14.666666666666666,14.666666666666666,10.0,14.666666666666664,40.0,10.0,6.0,14.666666666666666,9.0,9.0,19.0,86.0,72.0,44.0,58.25,31.0,,,,26.0,
2017-04-10,12.333333333333334,10.0,10.0,12.333333333333334,12.333333333333334,12.333333333333334,12.333333333333334,7.0,12.333333333333336,29.0,11.0,7.0,12.333333333333334,11.0,9.0,19.0,68.0,52.0,43.0,46.75,24.0,,,,28.0,
2017-04-11,10.857142857142858,10.0,10.0,10.857142857142858,9.0,10.857142857142858,10.857142857142858,9.0,10.857142857142858,20.0,11.0,7.0,10.857142857142856,9.0,7.0,15.0,68.0,50.0,52.0,50.0,21.0,13.0,13.0,13.0,23.0,
2017-04-12,10.571428571428571,8.0,11.0,10.571428571428571,7.0,10.571428571428571,10.571428571428571,8.0,10.571428571428571,27.0,8.0,5.0,10.571428571428571,10.0,6.0,14.0,81.0,66.0,38.0,53.0,20.0,18.0,18.0,18.0,28.0,
2017-04-13,11.0,10.0,12.0,11.0,10.0,11.0,11.0,8.0,11.0,24.0,9.0,4.0,11.0,9.0,8.0,13.0,65.0,48.0,23.0,39.5,22.0,19.0,19.0,19.0,14.0,
2017-04-14,15.142857142857142,17.0,16.0,15.142857142857142,19.0,15.142857142857142,15.142857142857142,16.0,15.14285714285714,16.0,11.0,11.0,15.14285714285714,12.0,11.0,19.0,30.0,15.0,10.0,17.0,13.0,11.0,11.0,11.0,16.0,
2017-04-15,15.142857142857142,16.0,18.0,15.142857142857142,15.0,15.142857142857142,15.142857142857142,12.0,15.14285714285714,23.0,13.0,9.0,15.14285714285714,13.0,12.0,18.0,28.0,13.0,10.0,15.25,10.0,9.0,9.0,9.0,25.0,
2017-04-16,15.428571428571429,15.0,16.0,15.428571428571429,16.0,15.428571428571429,15.428571428571427,12.0,15.428571428571429,28.0,12.0,9.0,15.428571428571429,13.0,13.0,19.0,24.0,14.0,14.0,7.0,10.0,12.0,12.0,12.0,23.0,
2017-04-17,19.857142857142858,20.0,20.0,19.857142857142858,21.0,19.857142857142858,19.857142857142858,19.0,19.857142857142858,31.0,14.0,14.0,19.857142857142858,22.0,18.0,23.0,22.0,15.0,12.0,14.75,10.0,14.0,14.0,14.0,31.0,
2017-04-18,12.0,14.0,18.0,18.0,18.0,18.0,18.0,15.0,18.0,36.0,13.0,18.0,18.0,18.0,15.0,25.0,25.0,11.0,8.0,13.0,8.0,20.0,20.0,20.0,29.0,
2017-04-19,13.6,10.0,13.6,13.6,14.0,13.6,13.600000000000001,8.0,13.6,25.0,11.0,13.6,13.6,11.0,10.0,14.0,33.0,22.0,18.0,21.25,12.0,18.0,18.0,18.0,23.0,
2017-04-20,20.833333333333332,21.0,20.0,20.833333333333332,24.0,20.833333333333332,20.833333333333332,19.0,20.833333333333332,26.0,15.0,20.833333333333332,20.833333333333332,16.0,12.0,21.0,38.0,24.0,24.0,20.0,18.0,16.0,16.0,16.0,24.0,
2017-04-21,30.571428571428573,28.0,31.0,30.57142857142857,37.0,30.57142857142857,30.571428571428573,29.0,30.57142857142857,34.0,26.0,29.0,30.571428571428573,24.0,20.0,26.0,52.0,39.0,38.0,32.0,31.0,16.0,16.0,16.0,34.0,
2017-04-22,43.0,45.0,46.0,44.625,48.0,44.625,44.625,43.0,44.625,51.0,39.0,42.0,44.625,35.0,35.0,37.0,73.0,55.0,49.0,40.0,40.0,18.0,18.0,18.0,50.0,
2017-04-23,43.0,43.0,44.0,44.0,48.0,44.0,44.0,42.0,44.0,48.0,40.0,44.0,44.0,43.0,37.0,42.0,79.0,58.0,60.0,28.0,39.0,20.0,20.0,20.0,45.0,
2017-04-24,38.857142857142854,39.0,38.0,38.85714285714286,40.0,38.85714285714286,38.857142857142854,35.0,38.85714285714286,47.0,36.0,37.0,38.85714285714286,30.0,27.0,28.0,73.0,60.0,58.0,23.0,39.0,15.0,15.0,15.0,37.0,
2017-04-25,32.142857142857146,31.0,31.0,32.14285714285714,36.0,32.14285714285714,32.142857142857146,30.0,32.14285714285714,38.0,28.0,31.0,32.14285714285714,29.0,29.0,31.0,71.0,57.0,49.0,31.0,28.0,26.0,26.0,26.0,29.0,
2017-04-26,33.57142857142857,33.0,31.0,33.57142857142857,36.0,33.57142857142857,33.57142857142857,32.0,33.57142857142857,45.0,27.0,31.0,33.57142857142857,28.0,27.0,35.0,67.0,57.0,48.0,37.0,33.0,19.0,19.0,19.0,38.0,
2017-04-27,32.142857142857146,31.0,29.0,32.14285714285714,34.0,32.14285714285714,32.142857142857146,29.0,32.14285714285714,43.0,30.0,29.0,32.14285714285714,29.0,26.0,27.0,78.0,64.0,58.0,45.0,35.0,17.0,17.0,17.0,50.0,
2017-04-28,31.166666666666668,31.0,28.0,31.166666666666668,33.0,31.166666666666668,31.166666666666668,25.0,31.166666666666668,44.0,31.16666666666667,26.0,31.166666666666668,25.0,21.0,22.0,72.0,53.0,46.0,38.0,36.0,18.0,18.0,18.0,28.0,
2017-04-29,26.0,37.0,28.0,33.285714285714285,38.0,33.285714285714285,33.285714285714285,27.0,33.285714285714285,39.0,33.285714285714285,38.0,33.285714285714285,23.0,23.0,17.0,26.0,13.0,13.0,17.0,13.0,17.0,17.0,17.0,29.0,
2017-04-30,25.0,29.0,30.0,27.833333333333332,34.0,27.833333333333332,27.833333333333332,27.0,27.833333333333332,27.833333333333332,27.83333333333333,22.0,27.83333333333333,27.0,18.0,22.0,29.0,17.0,20.0,16.0,16.0,15.0,15.0,15.0,34.0,
2017-05-01,9.0,15.0,13.0,16.0,17.0,16.0,16.0,12.0,16.0,31.0,16.0,15.0,16.0,12.0,9.0,18.0,45.0,32.0,30.0,26.0,16.0,18.0,18.0,18.0,32.0,
2017-05-02,12.0,16.0,16.0,18.857142857142858,18.0,18.857142857142858,18.857142857142858,14.0,18.857142857142858,42.0,18.857142857142858,14.0,18.857142857142858,13.0,13.0,21.0,41.0,33.0,34.0,36.0,24.0,18.0,18.0,18.0,36.0,
2017-05-03,15.0,24.0,17.0,22.285714285714285,19.0,22.285714285714285,22.285714285714285,14.0,22.285714285714285,48.0,22.28571428571428,19.0,22.28571428571428,15.0,13.0,20.0,43.0,31.0,39.0,45.0,29.0,19.0,19.0,19.0,33.0,
2017-05-04,17.0,25.0,20.0,21.714285714285715,21.0,21.714285714285715,21.714285714285715,15.0,21.714285714285715,37.0,21.71428571428572,17.0,21.71428571428572,15.0,15.0,20.0,50.0,33.0,31.0,46.0,32.0,20.0,20.0,20.0,34.0,
2017-05-05,19.0,21.0,21.0,23.0,24.0,23.0,23.0,18.0,23.0,35.0,23.0,23.0,23.0,27.0,9.0,13.0,31.0,25.0,17.0,33.0,24.0,12.0,12.0,12.0,15.0,
2017-05-06,30.0,38.0,32.0,37.0,42.0,37.0,37.0,27.0,37.0,53.0,37.0,37.0,37.0,35.0,19.0,23.0,16.0,18.0,15.0,25.0,14.0,13.0,13.0,13.0,20.0,
2017-05-07,12.0,20.0,17.0,19.166666666666668,19.0,19.166666666666668,19.166666666666668,13.0,19.166666666666668,34.0,19.166666666666664,19.166666666666664,19.166666666666664,21.0,13.0,17.0,19.5,22.0,21.0,19.0,16.0,19.0,19.0,19.0,19.0,
2017-05-08,14.0,22.0,21.0,23.166666666666668,20.0,23.166666666666668,23.166666666666668,14.0,23.166666666666668,48.0,23.166666666666664,23.166666666666664,23.166666666666668,18.0,13.0,28.0,22.0,24.0,18.0,22.0,16.0,13.0,13.0,13.0,29.0,
2017-05-09,11.0,20.0,21.0,19.833333333333332,17.0,19.833333333333332,19.833333333333332,14.0,19.833333333333332,36.0,19.833333333333336,19.833333333333336,19.833333333333336,12.0,15.0,19.0,26.666666666666668,31.0,28.0,26.666666666666668,21.0,16.0,16.0,16.0,24.0,
2017-05-10,18.0,32.0,23.0,26.833333333333332,26.0,26.833333333333332,26.833333333333332,22.0,26.833333333333332,40.0,26.833333333333336,26.833333333333336,26.833333333333332,16.0,12.0,11.0,20.0,32.0,26.0,17.0,13.0,23.0,23.0,23.0,15.0,
2017-05-11,14.0,21.0,20.0,22.428571428571427,28.0,22.42857142857143,22.42857142857143,17.0,22.428571428571427,47.0,10.0,22.428571428571427,22.428571428571427,19.0,13.0,7.0,19.0,15.0,13.0,14.0,14.0,18.0,18.0,18.0,15.0,
2017-05-12,25.333333333333332,26.0,23.0,25.333333333333332,21.0,25.333333333333332,25.333333333333332,19.0,25.333333333333332,55.0,8.0,25.33333333333333,25.333333333333332,12.0,12.0,12.0,15.0,22.0,11.0,8.0,11.0,14.0,14.0,14.0,15.0,
2017-05-13,25.333333333333332,26.0,23.0,25.333333333333332,24.0,25.333333333333332,25.333333333333332,17.0,25.333333333333332,54.0,8.0,25.33333333333333,25.333333333333332,12.0,13.5,15.0,11.0,18.0,8.0,5.0,7.0,15.0,15.0,15.0,21.0,
2017-05-14,17.333333333333332,17.0,15.0,17.333333333333332,16.0,17.333333333333332,17.333333333333332,15.0,17.333333333333332,32.0,9.0,17.333333333333332,17.333333333333332,14.0,13.5,13.0,5.0,7.0,8.0,6.0,8.0,14.0,14.0,14.0,18.0,
2017-05-15,14.0,16.0,13.0,14.0,10.0,14.0,14.0,10.0,14.0,28.0,7.0,14.0,14.0,14.0,15.5,17.0,7.0,10.0,8.0,7.5,5.0,22.0,22.0,22.0,15.0,
2017-05-16,17.285714285714285,17.0,13.0,17.285714285714285,19.0,17.285714285714285,17.285714285714285,14.0,17.285714285714285,34.0,8.0,16.0,17.285714285714285,12.0,12.5,13.0,7.0,12.0,4.0,7.75,8.0,17.0,17.0,17.0,10.0,
2017-05-17,13.2,15.0,10.0,13.200000000000001,15.0,13.200000000000001,13.200000000000001,13.200000000000001,13.2,21.0,5.0,13.200000000000001,13.200000000000001,14.0,10.5,7.0,5.0,4.0,2.0,5.0,4.0,25.0,25.0,25.0,14.0,
2017-05-18,17.5,21.0,15.0,17.5,16.0,17.5,17.5,16.0,17.5,25.0,12.0,17.5,17.5,18.0,17.0,16.0,6.0,8.0,2.0,6.0,8.0,27.0,27.0,27.0,10.0,
2017-05-19,18.0,35.0,25.0,26.428571428571427,31.0,26.42857142857143,26.42857142857143,24.0,26.428571428571427,35.0,17.0,26.428571428571423,26.428571428571434,17.0,18.0,19.0,12.0,13.0,7.0,11.5,14.0,14.0,14.0,14.0,15.0,
2017-05-20,20.0,35.0,29.0,29.0,33.0,29.0,29.0,30.0,29.0,40.0,16.0,29.0,29.0,17.0,18.5,20.0,22.0,24.0,15.0,19.75,18.0,18.0,18.0,18.0,19.0,
2017-05-21,17.0,21.0,22.0,23.428571428571427,23.0,23.42857142857143,23.42857142857143,23.0,23.428571428571427,38.0,20.0,23.428571428571423,23.428571428571427,19.0,20.0,21.0,26.0,30.0,19.0,13.0,23.0,15.0,15.0,15.0,28.0,
2017-05-22,19.0,27.0,25.0,24.571428571428573,25.0,24.57142857142857,24.57142857142857,22.0,24.571428571428573,38.0,16.0,24.571428571428577,24.571428571428573,19.0,20.5,22.0,30.0,38.0,25.0,20.0,21.0,14.0,14.0,14.0,23.0,
2017-05-23,24.333333333333332,27.0,24.0,24.333333333333332,24.0,24.333333333333332,24.333333333333332,26.0,24.333333333333332,30.0,15.0,24.33333333333333,24.333333333333332,23.0,22.5,22.0,26.0,27.0,23.0,19.0,18.0,9.0,9.0,9.0,25.0,
2017-05-24,22.857142857142858,24.0,20.0,22.857142857142858,22.0,22.857142857142858,22.857142857142858,21.0,22.857142857142858,47.0,9.0,17.0,22.85714285714286,12.0,13.0,14.0,21.0,22.0,21.0,13.0,18.0,13.0,13.0,13.0,18.0,
2017-05-25,14.0,26.0,16.0,19.571428571428573,17.0,19.57142857142857,19.57142857142857,19.571428571428573,19.57142857142857,40.0,5.0,19.0,19.571428571428573,14.0,9.0,15.0,26.0,28.0,17.0,11.0,13.0,12.0,12.0,12.0,18.0,
2017-05-26,13.0,20.0,15.0,21.25,24.0,21.25,21.25,19.0,21.25,43.0,9.0,27.0,21.25,22.0,9.0,15.5,13.0,15.0,7.0,6.0,5.0,20.0,20.0,20.0,18.0,
2017-05-27,19.0,25.0,19.0,23.428571428571427,26.0,23.42857142857143,23.42857142857143,25.0,23.428571428571427,41.0,9.0,23.428571428571423,23.428571428571427,14.0,7.0,10.5,14.0,15.0,9.0,8.0,3.0,18.0,18.0,18.0,30.0,
2017-05-28,9.0,26.0,13.0,17.714285714285715,21.0,17.714285714285715,17.714285714285715,15.0,17.714285714285715,33.0,7.0,17.71428571428572,17.71428571428572,10.0,6.0,10.0,18.0,17.0,13.0,15.0,3.0,18.0,18.0,18.0,31.0,
2017-05-29,8.0,20.0,13.0,17.25,19.0,17.25,17.25,16.0,17.25,38.0,9.0,15.0,17.25,14.0,8.0,11.0,20.0,18.0,14.0,18.0,4.0,19.0,19.0,19.0,31.0,
2017-05-30,12.0,24.0,14.0,19.125,22.0,19.125,19.125,21.0,19.125,33.0,11.0,16.0,19.125,16.0,13.0,15.0,16.0,21.0,9.0,18.0,8.0,21.0,21.0,21.0,20.0,
2017-05-31,13.0,26.0,18.0,21.5,24.0,21.5,21.5,22.0,21.5,33.0,11.0,25.0,21.5,14.0,15.0,18.0,17.0,16.0,7.0,6.0,10.0,16.0,16.0,16.0,17.0,
2017-06-01,9.0,23.0,18.0,16.75,15.0,16.75,16.75,18.0,16.75,25.0,10.0,16.0,16.75,14.0,16.5,19.0,20.0,21.0,9.0,9.0,9.0,22.0,22.0,22.0,19.0,
2017-06-02,11.0,28.0,13.0,16.75,21.0,16.75,16.75,15.0,16.75,23.0,7.0,16.0,16.75,11.0,12.5,14.0,20.0,18.0,8.0,11.0,6.0,18.0,18.0,18.0,19.0,
2017-06-03,11.0,14.0,7.0,11.0,11.0,11.0,11.0,11.0,11.0,17.0,7.0,10.0,11.0,10.0,11.0,12.0,16.0,16.0,6.0,8.0,5.0,21.0,21.0,21.0,11.0,
2017-06-04,9.714285714285714,14.0,8.0,9.714285714285715,14.0,9.714285714285715,9.714285714285714,11.0,9.714285714285715,6.0,5.0,10.0,9.714285714285714,12.0,11.0,10.0,5.5,11.0,4.0,5.0,2.0,18.0,18.0,18.0,,
2017-06-05,12.666666666666666,14.0,10.0,12.666666666666666,16.0,12.666666666666666,12.666666666666666,15.0,12.666666666666666,13.0,8.0,12.666666666666664,12.666666666666666,7.0,7.0,7.0,19.0,18.0,5.0,7.0,12.25,22.0,22.0,22.0,,
2017-06-06,5.0,14.0,10.0,10.571428571428571,14.0,10.571428571428571,10.571428571428571,15.0,10.571428571428571,10.571428571428571,8.0,10.571428571428571,8.0,9.0,10.5,12.0,22.0,22.0,10.0,10.0,16.0,12.0,12.0,12.0,14.0,
2017-06-07,6.0,18.0,11.0,14.0,15.0,11.0,11.666666666666666,17.0,4.0,20.0,7.0,11.0,6.0,7.0,6.0,10.0,10.333333333333334,18.0,6.0,7.0,10.333333333333334,13.0,9.0,24.0,,12.0
2017-06-08,6.0,17.0,12.0,14.0,15.0,14.0,11.5,14.0,4.0,14.0,9.0,12.0,7.0,8.0,6.0,9.0,6.333333333333333,11.0,5.0,6.333333333333333,3.0,16.0,12.0,17.0,13.0,13.0
2017-06-09,8.0,19.0,10.0,12.272727272727273,15.0,12.0,12.272727272727273,14.0,7.0,24.0,7.0,10.0,9.0,14.0,10.0,13.0,6.333333333333333,11.0,4.0,6.333333333333333,4.0,24.0,16.0,20.0,,27.0
2017-06-10,13.0,17.0,14.0,16.1,18.0,16.0,16.099999999999998,17.0,13.0,24.0,11.0,16.099999999999998,18.0,18.0,17.0,15.0,6.333333333333333,11.0,6.0,6.333333333333333,2.0,33.0,14.0,32.0,,27.0
2017-06-11,17.0,17.0,23.0,19.8,27.0,20.0,19.8,21.0,17.0,26.0,14.0,19.8,16.0,27.0,24.0,21.0,8.0,14.0,4.0,8.0,6.0,26.0,13.0,23.0,,20.0
2017-06-12,18.0,28.0,24.0,22.0,30.0,23.0,22.0,21.0,15.0,29.0,15.0,22.0,17.0,27.0,26.5,26.0,17.0,15.0,9.0,13.0,11.0,20.0,8.0,18.0,,16.0
2017-06-13,17.0,21.0,19.0,21.0,27.0,20.0,20.6,22.0,18.0,28.0,20.599999999999998,20.599999999999998,13.0,17.0,17.0,17.0,10.5,15.0,10.5,10.5,6.0,18.0,14.0,15.0,,14.0
2017-06-14,12.0,12.0,16.0,17.0,15.555555555555555,15.0,15.555555555555554,15.0,14.0,26.0,15.555555555555555,15.555555555555555,13.0,13.0,19.0,9.0,13.0,10.0,11.5,11.5,11.5,30.0,10.0,15.0,,14.0
2017-06-15,27.0,24.0,28.0,28.0,32.0,26.0,28.416666666666668,29.0,36.0,40.0,22.0,30.0,19.0,13.0,29.0,19.0,14.0,11.0,8.0,11.0,11.0,17.0,9.0,14.0,,15.0
2017-06-16,27.0,24.0,25.0,25.0,28.0,25.0,26.416666666666668,26.0,24.0,46.0,19.0,28.0,20.0,18.0,30.0,23.0,23.0,21.0,13.0,8.0,13.0,17.0,8.0,13.0,,11.0
2017-06-17,21.7,19.0,21.0,22.0,23.0,19.0,21.7,21.7,23.0,43.0,11.0,23.0,13.0,20.0,29.0,24.0,14.0,18.0,8.0,7.0,5.0,20.0,8.0,12.0,,11.0
2017-06-18,15.3,18.0,15.0,16.0,18.0,13.0,15.3,15.299999999999999,14.0,21.0,10.0,18.0,10.0,13.0,20.0,17.0,6.0,9.0,4.0,5.0,6.0,13.0,7.0,8.0,,7.0
2017-06-19,12.0,20.0,18.0,19.0,20.0,15.0,15.090909090909092,15.090909090909092,11.0,16.0,9.0,19.0,7.0,11.0,15.0,9.0,7.0,12.0,4.0,5.0,7.0,19.0,6.0,13.0,,13.0
2017-06-20,14.0,20.0,20.0,23.0,23.0,19.0,18.09090909090909,19.0,15.0,21.0,15.0,18.09090909090909,10.0,9.0,19.0,13.0,5.5,11.0,4.0,5.0,2.0,24.0,8.0,16.0,,12.0
2017-06-21,16.8,20.0,18.0,18.0,26.0,17.0,16.8,17.0,13.0,25.0,8.0,16.8,6.0,7.0,8.0,10.0,6.25,14.0,4.0,5.0,2.0,20.0,9.0,13.0,,9.0
2017-06-22,15.636363636363637,21.0,18.0,18.0,20.0,16.0,15.636363636363635,16.0,13.0,17.0,9.0,17.0,7.0,6.0,6.0,6.0,6.25,11.0,5.0,5.0,4.0,20.0,4.0,10.0,,7.0
2017-06-23,13.3,16.0,11.0,13.0,19.0,9.0,13.3,11.0,12.0,18.0,13.299999999999999,19.0,5.0,7.0,8.0,7.5,11.0,15.0,6.0,8.0,2.0,15.0,3.0,7.0,7.0,5.0
2017-06-24,12.454545454545455,13.0,13.0,14.0,19.0,11.0,12.454545454545453,14.0,10.0,17.0,5.0,17.0,4.0,7.0,7.0,7.0,6.5,13.0,5.0,6.0,2.0,10.0,4.0,7.0,9.0,6.0
2017-06-25,12.333333333333334,12.333333333333334,11.0,15.0,20.0,12.0,12.333333333333336,11.0,5.0,15.0,12.333333333333334,15.0,7.0,8.0,10.0,12.0,5.25,8.0,4.0,5.0,4.0,15.0,2.0,8.0,8.0,6.0
2017-06-26,15.363636363636363,19.0,12.0,15.0,19.0,13.0,15.363636363636365,11.0,24.0,24.0,7.0,18.0,7.0,8.0,10.0,15.0,15.0,16.0,5.0,4.0,3.0,11.0,4.0,7.0,8.0,6.0
2017-06-27,15.6,14.0,14.0,16.0,21.0,14.0,15.6,12.0,16.0,24.0,15.6,16.0,9.0,12.0,14.0,16.0,14.0,13.0,7.0,3.0,3.0,13.0,4.0,9.0,9.0,8.0
2017-06-28,13.7,18.0,12.0,13.0,15.0,12.0,13.7,10.0,15.0,22.0,13.700000000000001,14.0,6.0,9.0,12.0,15.0,12.0,9.0,7.0,3.0,7.75,9.0,7.0,10.0,12.0,7.0
2017-06-29,17.8,20.0,18.0,19.0,20.0,16.0,17.8,17.0,15.0,25.0,17.8,18.0,10.0,7.0,11.0,13.0,12.0,9.0,4.0,4.0,5.0,16.0,6.0,9.0,11.0,8.0
2017-06-30,6.0,23.0,13.0,16.0,18.0,12.0,15.818181818181818,13.0,13.0,34.0,15.818181818181818,15.0,11.0,14.0,13.0,18.0,15.0,13.0,11.0,11.0,5.0,12.0,2.0,9.0,8.0,7.0
2017-07-01,6.0,15.0,15.0,17.0,19.0,15.0,14.666666666666666,14.0,10.0,22.0,11.0,22.0,10.0,11.0,14.0,17.0,14.0,13.0,5.0,10.666666666666666,10.666666666666666,14.0,5.0,10.0,7.0,9.0
2017-07-02,9.0,16.90909090909091,18.0,18.0,23.0,19.0,16.90909090909091,16.0,12.0,29.0,14.0,20.0,8.0,11.0,12.0,17.0,15.0,16.0,6.0,10.25,4.0,10.0,5.0,9.0,6.0,8.0
2017-07-03,8.0,14.545454545454545,15.0,16.0,20.0,16.0,14.545454545454547,12.0,14.0,22.0,9.0,19.0,9.0,10.0,13.0,13.0,18.0,17.0,7.0,11.75,5.0,15.0,4.0,10.0,8.0,9.0
2017-07-04,6.0,14.181818181818182,14.0,17.0,22.0,16.0,14.181818181818182,13.0,14.0,23.0,8.0,15.0,8.0,18.0,12.0,14.0,20.0,20.0,9.0,13.25,4.0,14.0,3.0,10.0,10.0,11.0
2017-07-05,6.0,14.4,17.0,16.0,19.0,16.0,14.4,14.0,12.0,21.0,14.4,14.0,9.0,13.0,15.0,13.0,19.0,17.0,6.0,5.0,3.0,23.0,4.0,16.0,11.0,16.0
2017-07-06,10.0,19.0,14.0,15.0,18.0,15.0,14.4,14.0,14.0,19.0,14.4,14.4,6.0,17.0,13.0,13.0,14.0,11.0,5.0,3.0,8.25,18.0,6.0,12.0,12.0,9.0
2017-07-07,7.0,9.8,10.0,11.0,12.0,9.0,9.799999999999999,10.0,13.0,14.0,6.0,9.799999999999999,6.0,9.0,9.5,10.0,12.0,14.0,7.0,9.25,4.0,17.0,14.5,12.0,11.0,8.0
2017-07-08,5.0,18.0,13.0,16.0,21.0,13.0,13.363636363636363,14.0,13.0,18.0,7.0,13.363636363636365,9.0,10.0,11.0,12.0,10.0,15.0,6.0,8.75,4.0,21.0,5.0,12.0,9.0,11.0
2017-07-09,7.0,16.0,12.0,13.0,17.0,13.0,12.363636363636363,11.0,8.0,23.0,8.0,12.363636363636365,8.0,12.0,13.0,15.0,11.0,19.0,5.0,9.5,3.0,15.0,15.0,15.0,9.0,9.0
2017-07-10,15.4,15.0,15.0,18.0,20.0,16.0,15.4,15.0,12.0,24.0,10.0,15.4,9.0,12.0,13.5,15.0,13.0,12.0,4.0,9.666666666666666,9.666666666666666,12.0,7.0,11.0,12.0,10.0
2017-07-11,10.0,31.0,16.0,20.0,22.0,15.0,17.181818181818183,14.0,14.0,27.0,9.0,17.181818181818183,11.0,15.0,13.0,19.0,12.0,15.0,4.0,8.75,4.0,16.0,6.0,11.0,13.0,6.0
2017-07-12,8.0,16.0,14.0,20.0,21.0,14.0,14.0,14.0,12.0,21.0,6.0,14.0,8.0,12.0,12.5,13.0,11.0,6.0,3.0,6.0,4.0,21.0,5.0,11.0,9.0,9.0
2017-07-13,5.0,14.0,11.0,17.0,21.0,12.0,13.090909090909092,11.0,12.0,28.0,6.0,13.090909090909092,7.0,14.0,11.0,13.0,12.0,6.0,3.0,6.0,3.0,19.0,4.0,12.0,10.0,12.0
2017-07-14,5.0,18.0,12.0,18.0,24.0,14.0,12.454545454545455,11.0,9.0,14.0,6.0,12.454545454545453,6.0,11.0,10.0,11.0,16.0,9.5,3.0,9.5,9.5,15.0,8.0,9.0,12.0,10.0
2017-07-15,14.0,20.0,18.0,21.0,26.0,16.0,17.181818181818183,16.0,17.0,23.0,8.0,17.181818181818183,10.0,11.0,11.0,16.0,12.0,8.0,4.0,8.0,8.0,13.0,12.0,17.0,12.0,10.0
2017-07-16,10.0,12.0,13.0,18.0,20.0,13.0,13.181818181818182,13.0,13.0,18.0,5.0,13.181818181818182,10.0,13.0,11.0,12.0,12.0,12.0,6.0,10.0,10.0,21.0,21.0,23.0,10.0,15.0
2017-07-17,9.0,14.0,14.0,17.0,20.0,11.0,14.090909090909092,9.0,12.0,21.0,9.0,14.090909090909092,19.0,12.0,15.0,13.5,14.0,13.0,4.0,8.25,2.0,28.0,24.0,29.0,10.0,22.0
2017-07-18,9.0,20.0,18.0,17.0,20.0,14.0,15.272727272727273,13.0,12.0,24.0,9.0,15.272727272727273,12.0,18.0,16.0,17.0,13.0,11.0,5.0,8.25,4.0,29.0,24.0,32.0,15.0,22.0
2017-07-19,9.0,17.0,16.0,17.0,19.0,14.0,14.636363636363637,14.0,20.0,18.0,8.0,14.636363636363635,9.0,15.0,15.0,15.0,14.0,12.0,5.0,8.5,3.0,36.0,18.0,31.0,13.0,24.0
2017-07-20,13.0,15.0,14.0,19.0,25.0,13.0,14.909090909090908,16.0,28.0,11.0,4.0,14.909090909090908,6.0,13.0,10.0,11.5,15.0,13.0,7.0,11.666666666666666,11.666666666666666,28.0,18.0,31.0,12.0,19.0
2017-07-21,15.0,19.0,16.0,19.0,24.0,13.0,16.90909090909091,15.0,17.0,24.0,16.90909090909091,16.0,8.0,13.0,14.0,13.5,15.0,12.0,4.0,10.333333333333334,10.333333333333334,19.0,24.0,29.0,12.0,19.0
2017-07-22,10.0,15.0,12.0,14.0,20.0,10.0,13.3,10.0,14.0,22.0,13.3,13.300000000000002,6.0,11.0,12.0,13.0,14.0,12.0,3.0,9.666666666666666,9.666666666666666,29.0,26.0,39.0,15.0,26.0
2017-07-23,11.0,22.0,14.0,18.0,22.0,12.0,15.090909090909092,14.0,17.0,19.0,15.090909090909092,9.0,8.0,14.0,10.0,14.0,12.0,12.0,9.0,9.0,3.0,30.0,22.0,39.0,11.0,28.0
2017-07-24,12.0,16.0,14.0,18.0,25.0,11.0,14.545454545454545,12.0,17.0,17.0,14.545454545454547,12.0,6.0,16.0,10.5,5.0,15.0,12.0,5.0,9.0,4.0,30.0,19.0,41.0,10.0,25.0
2017-07-25,14.0,13.909090909090908,13.0,16.0,21.0,10.0,13.909090909090908,15.0,16.0,23.0,4.0,14.0,7.0,9.0,12.0,7.0,19.0,13.0,8.0,11.5,6.0,27.0,14.0,34.0,11.0,22.0
2017-07-26,9.0,16.0,10.0,15.0,21.0,8.0,12.636363636363637,10.0,17.0,14.0,12.636363636363635,13.0,6.0,13.0,9.0,5.0,13.0,11.0,6.0,8.75,5.0,24.0,20.0,35.0,,21.0
2017-07-27,13.0,16.0,16.0,18.0,23.0,12.0,14.666666666666666,12.0,13.0,20.0,8.0,16.0,9.0,10.0,12.0,5.0,7.333333333333333,12.0,6.0,7.333333333333333,4.0,32.0,26.0,38.0,,25.0
2017-07-28,11.0,13.0,13.0,16.0,20.0,10.0,13.416666666666666,11.0,12.0,23.0,10.0,11.0,11.0,11.0,12.0,10.0,7.333333333333333,12.0,5.0,7.333333333333333,5.0,15.0,24.0,24.0,,8.0
2017-07-29,12.0,19.0,17.0,19.0,26.0,16.0,16.833333333333332,15.0,15.0,25.0,12.0,15.0,11.0,17.0,15.0,8.0,7.333333333333333,12.0,7.0,7.333333333333333,3.0,11.0,17.0,22.0,,10.0
2017-07-30,17.0,31.0,22.0,22.0,27.0,17.0,21.083333333333332,19.0,20.0,29.0,14.0,22.0,13.0,26.0,18.0,22.0,7.333333333333333,12.0,4.0,7.333333333333333,6.0,21.0,11.0,20.0,,8.0
2017-07-31,20.0,28.0,21.0,22.0,28.0,18.0,22.333333333333332,20.0,21.0,35.0,15.0,22.0,18.0,26.0,21.0,23.5,14.0,11.0,5.0,9.5,8.0,14.0,7.0,20.0,,8.0
2017-08-01,20.0,37.0,26.0,25.0,31.0,19.0,24.666666666666668,20.0,26.0,31.0,17.0,23.0,21.0,24.0,20.0,22.0,16.0,12.0,7.0,10.5,7.0,11.0,9.0,19.0,,6.0
2017-08-02,16.0,20.0,20.0,22.0,28.0,17.0,19.181818181818183,18.0,17.0,27.0,10.0,19.181818181818183,16.0,22.0,19.0,11.0,15.0,12.0,7.0,11.333333333333334,11.333333333333334,12.0,5.0,13.0,,10.0
2017-08-03,16.0,24.0,21.0,24.0,30.0,20.0,19.8,15.0,14.0,19.0,19.8,19.8,15.0,26.0,20.0,5.0,16.0,13.0,8.0,6.0,7.0,18.0,7.0,15.0,,10.0
2017-08-04,12.0,24.0,19.0,20.0,22.0,16.0,18.5,16.0,14.0,29.0,18.5,18.5,13.0,23.0,18.0,10.0,16.0,12.0,7.0,10.0,4.0,13.0,10.0,19.0,,6.0
2017-08-05,11.0,16.11111111111111,17.0,18.0,20.0,14.0,16.11111111111111,12.0,13.0,26.0,16.11111111111111,16.11111111111111,14.0,20.0,16.0,9.0,17.0,13.0,5.0,9.0,4.0,11.0,10.0,19.0,,8.0
2017-08-06,13.0,16.0,17.0,19.0,22.0,16.0,16.0,10.0,14.0,30.0,10.0,16.0,9.0,16.0,15.0,9.0,15.0,12.0,4.0,8.75,4.0,16.0,7.0,19.0,,10.0
2017-08-07,15.636363636363637,19.0,16.0,18.0,22.0,14.0,15.636363636363635,13.0,15.0,23.0,8.0,15.0,9.0,12.0,13.0,8.0,15.0,12.0,3.0,10.0,10.0,16.5,10.0,23.0,,10.0
2017-08-08,15.454545454545455,16.0,15.0,18.0,21.0,15.0,15.454545454545453,13.0,21.0,22.0,5.0,16.0,8.0,14.0,11.0,9.0,14.0,11.0,5.0,7.0,9.25,10.0,6.0,14.0,,8.0
2017-08-09,7.0,25.0,15.0,17.0,22.0,13.0,15.75,14.0,15.0,32.0,6.0,15.0,8.0,17.0,14.0,11.0,12.0,12.0,3.0,5.0,8.0,12.0,5.0,13.0,,6.0
2017-08-10,15.3,15.3,16.0,18.0,22.0,13.0,15.299999999999999,10.0,15.0,27.0,10.0,14.0,8.0,29.0,16.0,9.0,14.0,12.0,3.0,6.0,5.0,14.0,4.0,11.0,,7.0
2017-08-11,7.0,14.545454545454545,9.0,15.0,19.0,12.0,14.545454545454547,11.0,18.0,29.0,11.0,15.0,14.0,25.0,15.0,12.0,16.0,12.0,5.0,6.0,4.0,10.0,3.0,9.0,,5.0
2017-08-12,8.0,11.636363636363637,9.0,13.0,14.0,10.0,11.636363636363635,10.0,15.0,27.0,6.0,10.0,6.0,25.0,12.0,10.0,13.0,12.0,5.0,7.0,5.0,9.0,9.5,10.0,,6.0
2017-08-13,8.0,12.090909090909092,11.0,14.0,15.0,10.0,12.090909090909092,10.0,14.0,31.0,5.0,9.0,6.0,19.0,15.0,14.0,14.0,11.0,5.0,8.0,5.0,9.0,3.0,10.0,,6.0
2017-08-14,11.0,16.4,13.0,18.0,19.0,13.0,16.400000000000002,15.0,14.0,39.0,16.400000000000002,14.0,8.0,17.0,13.0,14.0,19.0,13.0,6.0,7.0,6.0,11.0,5.0,10.0,,5.0
2017-08-15,6.0,13.7,12.0,16.0,14.0,14.0,13.7,12.0,11.0,33.0,13.700000000000001,11.0,8.0,14.0,13.0,11.0,16.0,12.0,3.0,7.0,6.0,8.0,9.5,11.0,,3.0
2017-08-16,10.0,14.5,12.0,18.0,19.0,14.0,14.5,15.0,12.0,23.0,14.5,15.0,7.0,8.0,11.0,9.0,15.0,12.0,4.0,5.0,7.0,11.0,5.0,11.0,,6.0
2017-08-17,7.0,10.0,10.0,16.0,16.0,12.0,13.909090909090908,15.0,11.0,28.0,13.909090909090908,22.0,6.0,9.0,10.0,6.0,15.0,12.0,3.0,5.0,6.0,8.0,9.0,13.0,,7.0
2017-08-18,13.0,16.0,15.0,23.0,23.0,16.0,16.454545454545453,16.0,16.0,16.0,16.454545454545453,21.0,6.0,14.0,14.0,12.0,13.0,11.0,4.0,9.0,4.0,15.0,17.0,16.0,,8.0
2017-08-19,14.0,22.0,13.0,18.0,18.0,16.0,18.0,15.0,20.0,35.0,18.0,17.0,10.0,16.0,16.0,16.0,14.0,12.0,5.0,8.0,5.0,17.0,11.0,19.0,,10.0
2017-08-20,8.0,12.0,8.0,13.0,10.7,10.0,10.700000000000001,8.0,11.0,20.0,10.700000000000001,12.0,5.0,12.0,12.5,13.0,12.0,10.0,2.0,7.0,3.0,16.0,14.0,28.0,,17.0
2017-08-21,9.0,13.0,10.0,15.0,12.5,11.0,12.5,11.0,12.0,23.0,12.5,14.0,7.0,10.0,11.0,12.0,12.0,12.0,3.0,7.0,4.0,28.0,14.0,24.0,,15.0
2017-08-22,14.0,14.0,15.0,18.0,20.0,14.0,15.363636363636363,15.0,13.0,22.0,15.363636363636365,17.0,7.0,10.0,12.0,19.0,14.0,12.0,6.0,9.0,4.0,23.0,11.0,24.0,,12.0
2017-08-23,11.0,15.0,10.0,16.0,18.0,11.0,13.727272727272727,12.0,14.0,23.0,13.727272727272727,15.0,6.0,9.0,10.0,15.0,11.0,12.0,9.5,10.0,5.0,20.0,10.0,23.0,,14.0
2017-08-24,14.0,15.0,14.0,19.0,21.0,14.0,14.5,12.0,9.0,22.0,6.0,19.0,9.0,11.0,12.0,16.0,15.0,15.0,11.333333333333334,11.333333333333334,4.0,25.0,6.0,23.0,,18.0
2017-08-25,10.0,11.0,13.0,17.0,20.0,13.0,12.0,10.0,8.0,17.0,8.0,10.0,7.0,10.0,11.0,14.0,20.0,10.333333333333334,3.0,8.0,10.333333333333334,26.0,6.0,29.0,,21.0
2017-08-26,13.0,15.0,15.0,18.0,18.0,15.0,15.333333333333334,15.0,16.0,31.0,5.0,17.0,6.0,12.0,12.0,13.0,12.0,11.0,6.0,8.0,5.0,17.0,8.0,21.0,,8.0
2017-08-27,10.0,18.0,12.0,14.0,13.0,11.0,12.0,10.0,16.0,17.0,4.0,13.0,6.0,8.0,9.0,12.0,10.0,9.0,6.0,10.0,5.0,16.0,7.0,19.0,,8.0
2017-08-28,11.0,20.0,13.636363636363637,17.0,21.0,13.0,13.636363636363635,12.0,14.0,16.0,6.0,14.0,6.0,11.0,11.0,12.0,12.0,11.0,9.0,9.0,7.0,8.0,7.0,14.0,,5.0
2017-08-29,18.0,23.0,19.181818181818183,23.0,30.0,19.0,19.181818181818183,19.0,22.0,18.0,9.0,18.0,12.0,14.0,16.0,14.0,14.0,12.0,6.0,7.0,6.0,17.0,5.0,16.0,,7.0
2017-08-30,14.0,24.0,19.0,23.0,28.0,19.0,18.666666666666668,16.0,17.0,21.0,12.0,18.0,13.0,13.0,18.0,20.0,12.0,11.0,5.0,7.0,6.0,11.0,9.0,15.0,,9.0
2017-08-31,11.0,16.0,14.0,19.0,23.0,15.0,15.166666666666666,15.0,14.0,19.0,11.0,15.0,10.0,13.0,15.0,19.0,11.0,10.0,4.0,7.0,6.0,14.0,6.0,16.0,,15.0
2017-09-01,13.0,10.0,15.0,19.0,22.0,16.0,14.916666666666666,15.0,17.0,22.0,9.0,13.0,8.0,11.0,16.0,21.0,5.666666666666667,5.666666666666667,5.0,7.0,5.0,15.0,5.0,12.0,,11.0
2017-09-02,13.0,9.0,11.0,20.0,22.0,13.0,15.0,13.0,19.0,24.0,10.0,19.0,7.0,10.0,12.0,27.0,10.0,11.0,7.0,7.0,4.0,17.0,8.0,18.0,,8.0
2017-09-03,12.0,10.0,7.0,14.0,16.0,10.0,12.416666666666666,11.0,13.0,29.0,6.0,15.0,6.0,14.0,12.0,16.0,12.0,11.0,7.0,10.0,5.0,13.0,11.0,13.0,,5.0
2017-09-04,10.0,6.0,7.0,14.0,15.0,9.0,10.333333333333334,9.0,10.0,24.0,6.0,9.0,5.0,10.0,13.0,17.0,14.0,12.0,7.0,11.0,8.0,11.0,4.0,11.0,,7.0
2017-09-05,9.0,10.0,9.0,16.0,16.0,13.0,12.166666666666666,11.0,10.0,28.0,5.0,13.0,6.0,8.0,12.0,13.0,12.0,10.5,9.0,10.0,11.0,12.0,4.0,14.0,,8.0
2017-09-06,9.0,11.0,10.0,19.0,20.0,15.0,12.083333333333334,13.0,11.0,20.0,4.0,7.0,6.0,9.0,11.0,16.0,13.0,9.75,6.0,9.0,11.0,14.0,5.0,14.0,,12.0
2017-09-07,8.0,9.0,8.0,16.0,15.0,11.0,13.909090909090908,11.0,16.0,38.0,13.909090909090908,9.0,12.0,8.0,15.0,22.0,11.0,4.0,6.0,8.0,11.0,19.0,6.0,15.0,,12.0
2017-09-08,11.0,11.0,15.0,17.0,16.0,18.0,17.636363636363637,11.0,12.0,56.0,17.636363636363637,12.0,15.0,10.0,16.0,26.0,11.0,8.0,5.0,8.0,10.0,17.0,10.0,20.0,,9.0
2017-09-09,10.0,10.0,13.0,15.0,16.0,14.0,17.0,9.0,14.0,54.0,17.0,17.0,15.0,13.0,17.0,28.0,14.0,8.0,9.0,7.0,10.0,26.0,11.0,18.0,,8.0
2017-09-10,14.0,23.0,19.0,22.0,24.0,20.0,19.363636363636363,13.0,22.0,33.0,19.363636363636363,14.0,9.0,14.0,17.0,20.0,15.0,10.0,9.0,8.0,9.0,16.0,13.5,11.0,,8.0
2017-09-11,20.0,32.0,25.0,29.0,33.0,28.0,27.09090909090909,23.0,24.0,44.0,27.090909090909093,30.0,10.0,13.0,17.0,23.0,16.0,9.0,7.0,8.0,10.0,7.0,10.5,14.0,,8.0
2017-09-12,21.0,24.0,28.0,29.0,30.0,26.0,23.818181818181817,19.0,22.0,36.0,23.818181818181817,15.0,12.0,13.0,19.0,15.0,17.0,7.0,8.0,10.0,11.0,12.0,5.0,18.0,,11.0
2017-09-13,23.0,27.0,30.0,29.0,32.0,29.0,27.0,23.0,21.0,50.0,27.0,22.0,11.0,20.0,21.0,22.0,15.0,10.0,9.0,10.0,13.0,12.0,5.0,12.0,,6.0
2017-09-14,18.0,19.0,21.0,23.0,26.0,23.0,22.454545454545453,17.0,28.0,49.0,22.454545454545453,15.0,8.0,20.0,20.0,26.0,16.0,10.0,11.0,9.0,11.0,12.0,4.0,10.0,,5.0
2017-09-15,17.0,16.0,16.0,21.0,21.0,17.0,17.727272727272727,13.0,17.0,32.0,17.727272727272727,18.0,7.0,12.0,13.0,19.0,16.0,10.0,12.0,12.0,11.0,10.0,2.0,9.0,,5.0
2017-09-16,9.0,13.0,10.0,15.0,18.0,10.0,13.0,13.0,14.0,28.0,13.0,7.0,6.0,8.0,11.0,10.0,16.0,13.0,8.0,9.0,10.0,9.0,5.0,14.0,,5.0
2017-09-17,6.0,6.0,8.0,11.0,11.0,8.0,9.909090909090908,7.0,8.0,29.0,9.909090909090908,8.0,7.0,14.0,9.0,9.0,13.0,5.0,5.0,9.0,8.0,12.0,6.0,17.0,,8.0
2017-09-18,11.0,9.0,11.0,18.0,18.0,12.0,13.454545454545455,10.0,18.0,25.0,13.454545454545453,11.0,5.0,13.0,12.0,16.0,11.0,7.0,5.0,8.0,7.0,16.0,5.0,16.0,,12.0
2017-09-19,13.0,16.0,13.0,16.0,24.0,13.0,17.181818181818183,14.0,19.0,42.0,17.181818181818183,12.0,7.0,12.0,14.0,22.0,13.0,8.0,6.0,9.0,8.0,10.0,4.0,14.0,,6.0
2017-09-20,17.0,15.0,15.0,25.0,31.0,18.0,24.181818181818183,25.0,25.0,64.0,24.181818181818183,21.0,10.0,13.0,20.0,15.0,13.0,9.0,7.0,10.0,10.0,13.0,3.0,11.0,,7.0
2017-09-21,28.0,30.0,30.0,35.0,42.0,33.0,30.636363636363637,39.0,27.0,38.0,30.636363636363637,26.0,9.0,12.0,32.0,10.0,16.0,10.0,6.0,9.0,11.0,8.0,4.0,9.0,,4.0
2017-09-22,20.0,15.0,21.0,25.0,30.0,20.0,21.0,26.0,25.0,21.0,21.0,21.0,7.0,17.0,21.0,11.0,15.0,9.0,7.0,10.75,12.0,12.0,4.0,11.0,,5.0
2017-09-23,15.0,18.0,19.0,25.0,28.0,20.0,20.181818181818183,18.0,20.0,30.0,20.181818181818183,22.0,7.0,11.0,17.0,11.0,19.0,14.0,12.0,10.0,14.0,13.0,7.0,15.0,,5.0
2017-09-24,16.0,18.0,19.0,22.0,28.0,19.0,18.545454545454547,18.0,21.0,25.0,18.545454545454547,12.0,6.0,8.0,11.0,15.0,21.0,14.0,11.0,9.0,11.0,8.0,8.0,16.0,,5.0
2017-09-25,7.0,11.0,10.0,14.0,19.0,10.0,11.363636363636363,8.0,10.0,22.0,11.363636363636365,9.0,5.0,9.0,12.0,7.0,20.0,16.0,9.0,8.0,10.0,12.0,8.0,19.0,,8.0
2017-09-26,4.0,5.0,12.0,13.0,15.0,10.0,9.916666666666666,9.0,10.0,23.0,7.0,5.0,6.0,9.0,12.0,10.0,17.0,8.0,10.0,8.0,10.0,11.0,7.0,21.0,,6.0
2017-09-27,11.0,6.0,17.0,24.0,23.0,14.0,14.75,15.0,18.0,22.0,8.0,14.0,5.0,11.0,14.0,8.0,15.0,10.0,9.0,9.0,10.0,9.0,5.0,17.0,,9.0
2017-09-28,8.0,9.0,9.0,16.0,19.0,11.0,13.666666666666666,12.0,18.0,37.0,8.0,10.0,7.0,15.0,14.0,11.0,19.0,11.0,12.0,13.5,12.0,12.0,9.0,16.0,,8.0
2017-09-29,16.0,17.0,18.90909090909091,22.0,26.0,19.0,18.90909090909091,21.0,26.0,24.0,8.0,20.0,9.0,16.0,21.0,12.0,14.0,10.0,5.0,10.75,14.0,7.0,3.0,11.0,,4.0
2017-09-30,23.0,22.0,24.181818181818183,30.0,34.0,25.0,24.181818181818183,29.0,25.0,30.0,12.0,22.0,14.0,15.0,19.0,13.0,15.0,12.0,8.0,12.0,13.0,10.0,10.0,10.0,,6.0
2017-10-01,21.0,32.0,30.0,30.0,36.0,26.0,25.75,28.0,25.0,29.0,17.0,13.0,22.0,10.0,16.0,18.0,20.0,14.0,11.0,13.5,9.0,15.0,15.0,15.0,,10.0
2017-10-02,16.0,21.0,20.0,23.0,28.0,17.0,20.75,23.0,25.0,33.0,10.0,21.0,12.0,16.0,16.0,16.0,20.0,13.0,9.0,12.75,9.0,9.0,4.0,14.0,,8.0
2017-10-03,15.0,9.0,17.0,22.0,28.0,18.0,18.416666666666668,24.0,22.0,22.0,11.0,26.0,7.0,11.0,14.5,18.0,16.0,10.0,12.666666666666666,12.666666666666666,12.0,11.0,7.0,15.0,,10.0
2017-10-04,9.0,14.0,14.0,19.0,24.0,12.0,14.916666666666666,20.0,17.0,22.0,7.0,16.0,5.0,8.0,11.0,14.0,13.0,7.0,8.5,4.0,10.0,12.0,8.0,16.0,,8.0
2017-10-05,10.0,13.0,17.0,19.0,23.0,13.0,14.833333333333334,18.0,15.0,23.0,10.0,9.0,8.0,14.0,15.0,9.0,11.0,8.0,8.75,6.0,10.0,12.0,7.0,17.0,,8.0
2017-10-06,21.0,22.0,26.0,26.0,32.0,23.2,23.2,26.0,23.2,30.0,10.0,31.0,8.0,17.0,21.0,19.0,14.0,9.0,10.0,7.0,10.0,12.5,7.0,18.0,,8.0
2017-10-07,18.0,26.0,23.0,27.0,33.0,22.0,23.0,27.0,26.0,33.0,9.0,24.0,8.0,20.0,18.0,19.0,14.0,10.0,10.5,7.0,11.0,11.0,9.0,13.0,,7.0
2017-10-08,17.0,26.0,22.0,28.0,38.0,26.0,25.166666666666668,32.0,26.0,35.0,12.0,32.0,8.0,23.0,28.0,25.5,12.0,8.0,9.75,7.0,12.0,8.0,4.0,12.0,,6.0
2017-10-09,15.0,16.0,14.0,22.0,26.0,20.0,21.666666666666668,24.0,20.0,38.0,15.0,37.0,13.0,19.0,24.0,21.5,12.0,8.0,9.75,8.0,11.0,9.5,5.0,14.0,,5.0
2017-10-10,19.0,26.0,23.0,27.0,31.0,21.0,25.545454545454547,30.0,26.0,40.0,25.545454545454547,23.0,15.0,20.0,25.0,16.0,15.0,11.0,8.0,9.0,10.75,11.0,11.0,11.0,,8.0
2017-10-11,9.0,17.0,16.0,21.0,23.0,14.0,19.6,21.0,24.0,41.0,19.599999999999998,19.599999999999998,10.0,11.0,23.0,18.0,13.0,8.0,5.0,7.0,8.0,7.5,4.0,11.0,,6.0
2017-10-12,23.0,31.0,29.0,34.0,47.0,24.0,31.5,37.0,27.0,48.0,31.5,31.5,15.0,17.0,25.0,13.0,14.0,7.0,8.0,8.0,9.25,7.5,4.0,11.0,,7.0
2017-10-13,38.0,45.0,42.0,44.0,55.0,34.0,40.6,53.0,41.0,35.0,40.6,40.6,19.0,23.0,26.0,15.0,14.0,7.0,8.0,8.0,13.0,10.0,10.0,10.0,,4.0
2017-10-14,17.0,11.0,15.0,20.0,23.0,16.0,20.3,25.0,27.0,40.0,20.3,20.3,9.0,18.0,17.0,18.0,16.0,12.0,7.0,9.0,11.0,8.5,5.0,12.0,,7.0
2017-10-15,13.0,12.0,15.0,20.0,29.0,11.0,17.5,20.0,16.0,34.0,17.5,17.5,5.0,10.0,8.0,21.0,14.0,10.0,7.0,10.0,6.0,12.5,9.0,16.0,,9.0
2017-10-16,11.0,6.0,11.0,16.0,24.0,9.0,13.3,18.0,13.0,21.0,13.3,13.300000000000002,4.0,9.0,11.0,19.0,14.0,6.0,6.0,10.0,8.0,12.0,7.0,17.0,,12.0
2017-10-17,13.0,12.0,13.0,21.0,28.0,13.0,16.363636363636363,21.0,18.0,27.0,8.0,16.363636363636363,6.0,12.0,12.0,15.0,15.0,9.0,5.0,10.0,9.0,15.5,10.0,21.0,,15.0
2017-10-18,15.0,16.0,20.0,25.0,33.0,16.0,20.727272727272727,30.0,21.0,32.0,13.0,20.727272727272727,7.0,13.0,16.0,14.0,15.0,8.0,6.0,9.0,6.0,18.0,10.0,26.0,13.0,14.0
2017-10-19,16.0,12.0,19.0,25.0,28.0,17.0,20.666666666666668,30.0,28.0,36.0,9.0,20.0,8.0,22.0,18.5,15.0,20.0,9.0,8.0,9.0,10.0,16.0,10.0,22.0,12.0,14.0
2017-10-20,11.0,12.0,14.0,19.0,22.0,14.0,17.916666666666668,15.0,29.0,43.0,8.0,20.0,8.0,29.0,24.0,19.0,16.0,12.0,6.0,9.0,12.0,17.0,12.0,22.0,18.0,15.0
2017-10-21,25.0,24.0,31.0,32.0,41.0,22.0,27.583333333333332,36.0,33.0,51.0,9.0,19.0,8.0,28.0,26.0,24.0,16.0,11.0,8.0,9.0,14.0,18.5,16.0,21.0,19.0,11.0
2017-10-22,14.0,15.0,20.0,25.0,27.0,16.0,18.916666666666668,24.0,22.0,30.0,8.0,18.0,8.0,12.0,14.0,16.0,19.0,11.0,6.0,10.0,11.0,15.0,10.0,20.0,20.0,12.0
2017-10-23,12.0,14.0,14.0,19.0,26.0,12.0,16.454545454545453,18.0,18.0,16.454545454545453,12.0,25.0,11.0,12.0,14.5,17.0,17.0,10.5,6.0,8.0,11.0,16.0,12.0,20.0,20.0,14.0
2017-10-24,10.0,11.0,15.0,20.0,26.0,11.0,18.636363636363637,24.0,20.0,18.636363636363637,19.0,32.0,17.0,13.0,17.0,17.0,17.0,13.0,12.0,10.0,13.0,14.0,7.0,21.0,23.0,12.0
2017-10-25,18.0,21.0,25.0,27.0,23.7,20.0,23.7,27.0,27.0,23.7,14.0,41.0,17.0,19.0,21.5,24.0,20.0,12.0,12.0,16.0,22.0,19.0,19.0,19.0,29.0,9.0
2017-10-26,27.0,40.0,36.0,35.0,33.3,24.0,33.300000000000004,41.0,35.0,33.300000000000004,22.0,45.0,28.0,27.0,22.0,23.0,21.0,12.0,18.0,13.0,20.0,12.0,7.0,17.0,24.0,7.0
2017-10-27,32.0,39.0,36.0,45.0,36.0,24.0,36.0,47.0,31.0,36.0,26.0,51.0,29.0,26.0,26.0,30.0,19.0,11.0,14.0,16.25,21.0,13.0,6.0,20.0,25.0,9.0
2017-10-28,32.0,33.0,38.0,37.0,53.0,26.0,39.81818181818182,41.0,37.0,39.81818181818182,35.0,69.0,37.0,30.0,36.0,43.0,20.0,13.0,16.0,17.5,21.0,16.0,16.0,16.0,35.0,7.0
2017-10-29,42.0,42.0,51.0,49.0,61.0,34.0,50.45454545454545,54.0,49.0,50.45454545454546,55.0,70.0,48.0,33.0,47.0,45.0,22.0,17.0,21.0,22.0,28.0,11.0,4.0,15.0,40.0,9.0
2017-10-30,40.0,43.0,51.0,46.0,48.5,36.0,48.5,52.0,48.0,48.5,57.0,63.0,49.0,32.0,46.0,48.0,37.0,22.0,29.0,31.5,38.0,14.0,7.0,17.0,38.0,14.0
2017-10-31,33.0,37.0,45.0,42.0,42.0,33.0,42.0,46.0,40.0,42.0,44.0,58.0,42.0,27.0,41.0,39.0,38.0,24.0,29.0,31.0,45.0,23.0,15.0,30.0,39.0,25.0
2017-11-01,35.0,37.0,47.0,43.0,58.0,32.0,43.81818181818182,46.0,37.0,43.81818181818181,43.0,59.0,45.0,25.0,35.0,33.0,35.0,27.0,29.0,28.0,38.0,20.0,14.0,28.0,41.0,22.0
2017-11-02,33.0,39.0,44.0,43.0,42.0,31.0,42.0,47.0,39.0,42.0,42.0,63.0,39.0,18.0,35.0,32.0,32.0,22.0,25.0,23.0,36.0,19.0,19.0,19.0,34.0,9.0
2017-11-03,32.0,36.0,43.0,40.0,42.0,32.0,42.0,46.0,41.0,42.0,47.0,65.0,38.0,22.0,40.0,43.0,31.0,23.0,25.0,31.0,35.0,7.0,9.0,11.0,42.0,7.0
2017-11-04,44.0,45.0,57.0,51.0,49.22222222222222,39.0,49.22222222222222,59.0,51.0,49.22222222222222,50.0,49.22222222222223,47.0,30.0,47.0,47.0,44.0,33.0,33.0,37.0,36.75,7.0,7.0,7.0,35.0,5.0
2017-11-05,24.0,23.0,35.0,33.0,30.77777777777778,25.0,30.77777777777778,35.0,32.0,30.777777777777775,35.0,30.777777777777775,35.0,17.0,25.0,26.0,39.0,25.0,31.0,32.0,31.75,15.0,3.0,12.0,33.0,19.0
2017-11-06,38.0,38.0,49.0,48.0,39.666666666666664,32.0,39.666666666666664,51.0,41.0,39.666666666666664,33.0,39.666666666666664,27.0,18.0,38.0,39.0,36.0,26.0,30.0,27.0,33.0,10.0,6.0,14.0,32.0,13.0
2017-11-07,28.0,33.0,38.0,38.0,33.0,25.0,33.0,41.0,37.0,33.0,31.0,33.0,26.0,29.0,42.0,38.0,31.0,20.0,22.0,22.0,18.0,12.0,5.0,19.0,27.0,14.0
2017-11-08,25.0,32.666666666666664,37.0,36.0,42.0,25.0,32.666666666666664,35.0,27.0,32.666666666666664,38.0,32.666666666666664,29.0,21.0,28.0,24.0,21.0,16.0,16.0,15.0,20.0,13.0,13.0,13.0,19.0,10.0
2017-11-09,18.0,26.11111111111111,26.0,29.0,36.0,19.0,26.111111111111107,26.0,29.0,26.11111111111111,30.0,26.11111111111111,22.0,20.0,20.0,20.0,20.0,12.0,15.0,11.0,17.0,12.0,12.0,12.0,17.0,7.0
2017-11-10,18.0,23.666666666666668,24.0,28.0,30.0,18.0,23.666666666666668,25.0,26.0,23.66666666666667,23.0,23.666666666666668,21.0,16.0,22.0,15.0,17.0,12.0,10.0,10.0,18.0,14.0,14.0,14.0,13.0,6.0
2017-11-11,12.0,20.11111111111111,20.0,21.0,26.0,14.0,20.11111111111111,22.0,25.0,20.11111111111111,22.0,20.11111111111111,19.0,19.5,21.0,18.0,19.0,10.0,12.0,14.5,17.0,8.0,4.0,12.0,17.0,8.0
2017-11-12,18.0,23.333333333333332,24.0,26.0,32.0,17.0,23.333333333333332,28.0,28.0,23.33333333333333,18.0,23.333333333333332,19.0,25.5,29.0,22.0,18.0,10.0,12.0,15.5,22.0,10.0,10.0,10.0,18.0,5.0
2017-11-13,24.0,27.444444444444443,33.0,33.0,36.0,20.0,27.444444444444446,33.0,38.0,27.444444444444446,15.0,27.444444444444446,15.0,24.5,24.0,25.0,21.0,16.0,16.0,11.0,21.0,13.0,13.0,13.0,24.0,8.0
2017-11-14,29.0,34.25,34.0,39.0,48.0,23.0,34.25,39.0,35.0,34.25,34.25,34.25,27.0,30.5,38.0,23.0,23.0,18.0,14.0,12.0,26.0,9.0,5.0,13.0,23.0,6.0
2017-11-15,24.0,33.375,31.0,38.0,43.0,21.0,33.375,43.0,38.0,33.375,33.375,33.375,29.0,32.0,40.0,24.0,23.0,18.0,15.0,14.0,24.0,12.0,12.0,12.0,19.0,4.0
2017-11-16,18.0,21.75,21.0,24.0,27.0,15.0,21.75,23.0,25.0,21.75,21.75,21.75,21.0,25.0,31.0,20.0,24.0,18.0,19.0,11.0,22.0,11.0,5.0,17.0,12.0,8.0
2017-11-17,25.0,31.4,30.0,32.0,40.0,19.0,31.4,34.0,37.0,53.0,22.0,31.400000000000002,22.0,45.0,37.0,24.0,26.0,18.0,13.0,10.0,16.0,12.0,6.0,18.0,17.0,9.0
2017-11-18,42.0,40.63636363636363,45.0,45.0,56.0,25.0,40.63636363636363,54.0,43.0,54.0,21.0,40.0,22.0,37.0,40.0,50.0,19.0,17.0,14.0,10.0,21.0,13.5,11.0,16.0,17.0,11.0
2017-11-19,28.0,32.63636363636363,36.0,37.0,45.0,25.0,32.63636363636363,37.0,37.0,52.0,17.0,30.0,15.0,27.0,38.0,39.0,22.0,18.0,16.0,13.0,20.0,13.0,8.0,18.0,13.0,9.0
2017-11-20,14.0,21.0,19.0,23.0,28.0,16.0,21.0,24.0,19.0,37.0,11.0,27.0,13.0,15.0,12.0,11.0,24.0,17.5,15.0,15.0,16.0,11.5,7.0,16.0,11.0,12.0
2017-11-21,11.0,15.88888888888889,17.0,19.0,24.0,13.0,15.88888888888889,17.0,19.0,15.888888888888888,10.0,15.888888888888888,13.0,13.0,12.5,12.0,23.0,15.0,14.0,9.0,14.0,6.0,6.0,6.0,10.0,7.0
2017-11-22,19.0,22.4,22.0,27.0,34.0,16.0,22.400000000000002,26.0,25.0,24.0,15.0,22.400000000000002,16.0,14.0,20.0,17.0,20.0,18.333333333333332,11.0,18.333333333333332,24.0,5.0,5.0,5.0,11.0,8.0
2017-11-23,10.0,15.0,17.0,17.0,23.0,12.0,17.454545454545453,19.0,19.0,20.0,21.0,17.454545454545453,19.0,11.0,14.0,13.0,23.0,18.0,14.0,10.0,22.0,13.0,13.0,13.0,9.0,5.0
2017-11-24,10.0,20.0,18.0,20.0,26.0,13.0,17.90909090909091,17.0,16.0,15.0,21.0,17.90909090909091,21.0,8.0,14.0,15.0,25.0,17.0,11.0,11.0,20.0,14.0,14.0,14.0,,7.0
2017-11-25,20.0,23.0,29.0,29.0,35.0,20.0,25.636363636363637,30.0,21.0,31.0,23.0,25.636363636363637,21.0,10.0,20.0,18.0,24.0,14.0,17.75,14.0,19.0,14.0,14.0,14.0,,6.0
2017-11-26,21.0,23.0,29.0,31.0,35.0,21.0,26.09090909090909,30.0,26.0,26.0,23.0,26.090909090909093,22.0,11.0,21.0,19.0,21.0,12.0,18.0,18.0,21.0,8.0,8.0,8.0,,5.0
2017-11-27,17.0,23.0,26.0,28.0,35.0,25.5,25.5,25.0,27.0,26.0,21.0,25.5,27.0,13.0,22.0,22.0,25.0,17.0,21.333333333333332,21.333333333333332,22.0,13.0,13.0,13.0,,7.0
2017-11-28,23.0,24.0,34.0,33.0,42.0,30.2,30.2,31.0,38.0,28.0,24.0,30.2,25.0,19.0,29.0,25.0,32.0,23.0,25.333333333333332,25.333333333333332,21.0,10.0,10.0,10.0,18.0,5.0
2017-11-29,22.0,25.0,24.0,27.0,41.0,29.0,26.454545454545453,26.0,29.0,23.0,22.0,26.454545454545453,23.0,19.0,30.0,20.0,27.0,15.0,18.75,12.0,21.0,9.0,9.0,9.0,20.0,4.0
2017-11-30,27.2,23.0,27.0,30.0,40.0,29.0,27.2,25.0,27.0,24.0,21.0,27.2,26.0,18.0,24.0,16.0,25.0,17.0,18.5,11.0,21.0,7.5,4.0,11.0,18.0,3.0
2017-12-01,29.9,28.0,34.0,30.0,42.0,30.0,29.9,32.0,28.0,27.0,24.0,29.900000000000002,24.0,19.0,26.0,16.0,24.0,15.0,21.333333333333332,21.333333333333332,25.0,9.0,11.0,13.0,18.0,8.0
2017-12-02,30.0,24.0,31.0,31.0,42.0,27.0,30.0,35.0,31.0,24.0,30.0,30.0,25.0,12.0,23.0,12.0,26.0,13.0,18.0,13.0,20.0,10.0,10.5,11.0,16.0,7.0
2017-12-03,26.555555555555557,27.0,25.0,26.0,35.0,20.0,26.555555555555554,30.0,20.0,31.0,26.555555555555554,26.555555555555554,25.0,12.0,10.5,9.0,26.0,15.0,22.0,22.0,25.0,8.0,9.0,10.0,20.0,5.0
2017-12-04,24.9,19.0,22.0,27.0,35.0,18.0,24.9,28.0,22.0,29.0,25.0,24.900000000000002,24.0,11.0,12.0,13.0,27.0,24.0,24.0,15.0,30.0,10.0,6.0,14.0,18.0,6.0
2017-12-05,11.0,19.0,24.0,20.0,32.0,17.0,21.5,26.0,22.0,21.0,21.5,21.5,23.0,10.0,12.0,14.0,29.0,24.333333333333332,24.333333333333332,17.0,27.0,13.0,13.0,13.0,19.0,5.0
2017-12-06,20.0,28.0,31.0,33.0,47.0,22.0,30.7,36.0,27.0,32.0,30.7,30.7,31.0,18.0,29.0,17.0,33.0,23.0,30.0,30.0,34.0,11.0,11.0,11.0,23.0,7.0
2017-12-07,23.0,36.0,34.0,35.0,53.0,24.0,35.6,37.0,34.0,44.0,35.6,35.6,36.0,23.0,27.0,31.0,37.0,28.0,33.666666666666664,33.666666666666664,36.0,11.0,7.0,15.0,32.0,8.0
2017-12-08,26.0,29.0,39.0,38.0,50.0,28.0,38.45454545454545,46.0,36.0,52.0,44.0,38.45454545454545,35.0,30.0,28.0,18.0,39.0,29.0,31.75,22.0,37.0,12.0,8.0,17.0,21.0,10.0
2017-12-09,17.0,23.0,28.0,25.0,37.0,21.0,29.727272727272727,31.0,30.0,41.0,40.0,29.72727272727273,34.0,16.0,25.0,27.0,41.0,34.333333333333336,34.333333333333336,22.0,40.0,11.0,8.0,17.0,31.0,10.0
2017-12-10,39.0,38.0,54.0,50.0,60.0,40.0,48.18181818181818,58.0,48.0,53.0,47.0,48.18181818181819,43.0,28.0,44.0,44.0,36.0,30.666666666666668,30.666666666666668,21.0,35.0,15.0,15.0,21.0,36.0,13.0
2017-12-11,50.0,61.0,68.0,69.0,88.0,48.0,62.0,81.0,58.0,68.0,49.0,62.0,42.0,35.0,56.0,35.0,26.0,29.333333333333332,29.333333333333332,23.0,39.0,22.0,13.0,26.0,41.0,20.0
2017-12-12,25.0,34.0,42.0,38.0,44.0,29.0,40.09090909090909,47.0,38.0,66.0,40.0,40.09090909090909,38.0,31.0,44.0,52.0,30.0,14.0,23.75,24.0,27.0,26.0,21.0,27.0,33.0,20.0
2017-12-13,16.0,26.0,33.0,32.0,33.0,24.0,29.166666666666668,38.0,29.0,42.0,25.0,27.0,25.0,21.0,33.0,40.0,26.0,15.0,22.0,23.0,21.5,19.0,18.0,28.0,46.0,19.0
2017-12-14,20.0,26.0,34.0,34.0,36.0,24.0,30.666666666666668,44.0,27.0,48.0,21.0,28.0,26.0,18.0,29.0,37.0,22.0,13.0,20.0,20.0,25.0,22.0,16.0,24.0,42.0,18.0
2017-12-15,28.0,40.0,46.0,42.0,44.0,31.0,42.75,52.0,42.0,69.0,33.0,53.0,33.0,25.0,34.0,44.0,30.0,15.0,24.0,16.0,28.0,28.0,17.0,25.0,31.0,21.0
2017-12-16,25.0,28.0,38.0,38.0,42.0,27.0,37.833333333333336,48.0,35.0,32.0,43.0,59.0,39.0,22.0,25.0,24.0,29.0,19.0,27.0,17.0,32.0,23.0,14.0,24.0,12.0,15.0
2017-12-17,9.0,18.0,17.0,15.0,20.0,12.0,19.0,22.0,20.0,16.0,29.0,24.0,26.0,11.0,19.0,20.0,33.0,23.0,23.0,11.0,29.0,12.0,11.0,21.0,18.0,12.0
2017-12-18,29.0,29.0,39.0,33.0,38.0,24.0,36.083333333333336,40.0,36.0,36.0,41.0,48.0,40.0,20.0,37.0,38.0,30.0,20.0,20.0,19.0,31.0,7.0,8.0,17.0,32.0,10.0
2017-12-19,38.0,30.0,54.0,42.0,48.0,35.0,44.09090909090909,51.0,38.0,41.0,51.0,57.0,44.09090909090909,22.0,40.0,38.0,35.0,22.0,28.0,30.0,41.0,14.0,9.0,23.0,50.0,13.0
2017-12-20,41.0,39.0,59.0,51.0,55.0,39.0,50.833333333333336,54.0,42.0,43.0,66.0,72.0,49.0,22.0,42.0,43.0,38.0,25.0,37.0,34.0,39.0,21.0,14.0,30.0,43.0,18.0
2017-12-21,47.0,55.0,59.0,53.0,57.0,35.0,54.083333333333336,58.0,55.0,47.0,64.0,70.0,49.0,21.0,41.0,37.0,39.0,27.0,35.0,40.0,49.0,20.0,13.0,27.0,46.0,20.0
2017-12-22,50.0,58.0,64.0,58.0,69.0,36.0,57.916666666666664,61.0,66.0,50.0,53.0,74.0,56.0,34.0,63.0,55.0,39.0,26.0,40.0,30.0,52.0,19.0,7.0,22.0,42.0,22.0
2017-12-23,54.0,61.0,68.0,62.0,75.0,38.0,65.0,70.0,77.0,64.0,58.0,96.0,57.0,52.0,78.0,55.0,40.0,34.0,41.0,43.75,60.0,15.0,14.5,14.0,34.0,21.0
2017-12-24,44.0,51.0,62.0,59.0,67.0,36.0,54.666666666666664,65.0,62.0,44.0,44.0,78.0,44.0,37.0,63.0,31.0,34.0,24.0,34.0,18.0,40.0,10.0,11.0,17.0,25.0,10.0
2017-12-25,20.0,25.0,30.0,30.0,39.0,21.0,32.833333333333336,37.0,35.0,29.0,47.0,46.0,35.0,14.0,30.0,37.0,29.0,20.0,24.0,30.0,45.0,12.0,12.0,23.0,35.0,13.0
2017-12-26,51.0,58.36363636363637,62.0,60.0,70.0,35.0,58.36363636363637,72.0,57.0,51.0,55.0,73.0,56.0,40.0,49.0,52.0,43.0,32.0,38.0,42.0,44.0,13.0,6.0,17.0,50.0,18.0
2017-12-27,38.0,38.63636363636363,46.0,45.0,52.0,25.0,38.63636363636363,56.0,48.0,32.0,23.0,45.0,15.0,32.0,29.5,27.0,35.0,26.0,21.0,29.0,21.0,9.0,10.0,16.0,29.0,19.0
2017-12-28,18.0,21.0,26.0,29.0,37.0,18.0,22.75,30.0,30.0,17.0,11.0,28.0,8.0,30.0,34.0,23.0,16.0,10.0,6.0,10.25,9.0,8.0,7.0,17.0,18.0,10.0
2017-12-29,14.0,15.0,20.0,24.0,31.0,15.0,19.666666666666668,24.0,23.0,19.0,12.0,24.0,15.0,24.0,29.0,25.0,19.0,15.0,11.0,11.0,10.0,9.0,11.0,15.0,17.0,9.0
2017-12-30,14.0,22.0,22.0,24.0,31.0,16.0,21.5,26.0,24.0,16.0,14.0,29.0,20.0,21.0,20.0,25.0,20.0,17.0,12.0,12.0,14.0,9.0,12.0,17.0,11.0,8.0
2017-12-31,15.0,18.0,24.0,23.0,28.0,14.0,21.083333333333332,26.0,24.0,12.0,16.0,34.0,19.0,15.0,15.0,15.0,21.0,14.0,12.0,12.0,15.0,10.0,15.0,18.0,11.0,9.0
