Date,05T,59T,61T,50T,52T,53T,54T,08T,19T,24T,26T,27T,30T,32T,35T,36T,40T,44T,46T,62T,63T,75T,76T,77T,79T,80T
2017-01-01,33.0,21.0,28.0,29.0,34.0,29.0,29.0,28.0,28.0,17.0,24.0,27.0,17.0,21.0,30.0,30.0,21.0,7.0,,,,16.0,20.0,18.0,,
2017-01-02,28.0,19.0,27.0,26.5,32.0,26.5,26.5,26.0,26.0,17.0,25.0,25.0,21.0,24.0,,,11.0,9.0,,,,5.0,18.0,15.0,,
2017-01-03,31.0,19.0,32.0,29.0,34.0,29.0,29.0,28.0,28.0,22.0,28.0,36.0,15.0,19.0,13.0,13.0,12.0,6.0,,,,4.0,21.0,19.0,,
2017-01-04,37.0,21.0,34.0,32.25,37.0,32.25,32.25,28.0,28.0,32.0,35.0,49.0,22.0,24.0,19.0,19.0,10.0,5.0,37.0,,,2.0,18.0,21.0,,
2017-01-05,45.0,29.0,40.0,39.75,45.0,39.75,39.75,34.0,34.0,34.0,39.0,48.0,23.0,24.0,,,7.0,7.0,42.0,,,,12.0,29.0,,
2017-01-06,43.0,27.0,38.0,38.0,44.0,38.0,38.0,36.0,36.0,31.0,31.0,38.0,,34.0,13.0,13.0,7.0,5.0,37.0,,,5.0,10.0,20.0,,
2017-01-07,46.0,30.0,42.0,42.5,52.0,42.5,42.5,41.0,41.0,57.0,36.0,50.0,,42.0,22.0,15.0,10.0,,50.0,,,6.0,16.0,33.0,,
2017-01-08,43.0,35.0,43.0,42.5,49.0,42.5,42.5,39.0,39.0,59.0,40.0,51.0,,27.0,28.0,23.0,12.0,6.0,,,,6.0,29.0,25.0,,
2017-01-09,35.0,27.0,33.0,33.5,39.0,33.5,33.5,30.0,30.0,71.0,33.0,58.0,,20.0,28.0,28.0,16.0,10.0,,,,6.0,24.0,30.0,,
2017-01-10,36.0,38.0,41.0,41.5,51.0,41.5,41.5,45.0,45.0,79.0,14.0,30.0,,,20.0,20.0,12.0,12.0,,,,5.0,17.0,34.0,,
2017-01-11,25.0,17.0,24.0,23.75,29.0,23.75,23.75,26.0,26.0,70.0,10.0,17.0,,20.0,12.0,12.0,6.0,10.0,40.0,,,,12.0,18.0,,
2017-01-12,19.0,17.0,22.0,19.25,19.0,19.25,19.25,19.0,19.0,47.0,9.0,8.0,13.0,13.0,18.0,12.0,10.0,12.0,57.0,,,,12.0,22.0,,
2017-01-13,29.0,20.0,30.0,26.5,27.0,26.5,26.5,25.0,25.0,59.0,12.0,13.0,21.0,14.0,21.0,14.0,14.0,14.0,45.0,,,6.0,24.0,30.0,,
2017-01-14,46.0,31.0,39.0,40.0,44.0,40.0,40.0,39.0,39.0,75.0,27.0,39.0,28.0,,26.0,14.0,14.0,18.0,36.0,,,8.0,32.0,37.0,,
2017-01-15,62.0,40.0,51.0,51.75,54.0,51.75,51.75,60.0,60.0,58.0,38.0,58.0,,40.0,27.0,18.0,17.0,14.0,,,,8.0,33.0,33.0,,
2017-01-16,43.0,28.0,38.0,37.75,42.0,37.75,37.75,35.0,35.0,46.0,49.0,51.0,28.0,20.0,32.0,19.0,18.0,12.0,,,,9.0,31.0,26.0,,
2017-01-17,36.0,23.0,35.0,32.5,36.0,32.5,32.5,31.0,31.0,63.0,53.0,47.0,16.0,16.0,35.0,26.0,24.0,6.0,26.0,,,9.0,46.0,23.0,,
2017-01-18,46.0,32.0,40.0,40.0,42.0,40.0,40.0,34.0,34.0,51.0,33.0,50.0,23.0,20.0,37.0,25.0,24.0,10.0,,,,12.0,40.0,26.0,,
2017-01-19,42.0,41.0,38.0,42.0,47.0,42.0,42.0,34.0,34.0,48.0,43.0,66.0,29.0,22.0,36.0,33.0,20.0,,37.0,,,10.0,33.0,32.0,,
2017-01-20,40.0,29.0,36.0,35.25,36.0,35.25,35.25,36.0,36.0,43.0,47.0,61.0,30.0,22.0,32.0,27.0,20.0,,24.0,,,12.0,30.0,28.0,,
2017-01-21,37.0,27.0,34.0,33.25,35.0,33.25,33.25,30.0,30.0,31.0,48.0,51.0,26.0,20.0,34.0,29.0,18.0,13.0,,,,11.0,28.0,28.0,,
2017-01-22,31.0,23.0,28.0,28.25,31.0,28.25,28.25,24.0,24.0,25.0,37.0,33.0,21.0,16.0,27.0,21.0,16.0,13.0,,,,7.0,35.0,21.0,,
2017-01-23,38.0,25.0,32.0,32.5,35.0,32.5,32.5,29.0,29.0,29.0,37.0,44.0,21.0,19.0,29.0,24.0,16.0,10.0,32.0,,,9.0,27.0,27.0,,
2017-01-24,43.0,34.0,40.0,40.75,46.0,40.75,40.75,37.0,37.0,32.0,39.0,53.0,21.0,26.0,34.0,21.0,18.0,16.0,41.0,,,9.0,31.0,30.0,,
2017-01-25,55.0,45.0,48.0,51.25,57.0,51.25,51.25,49.0,49.0,39.0,42.0,57.0,33.0,34.0,32.0,19.0,18.0,14.0,28.0,,,10.0,33.0,56.0,,
2017-01-26,35.0,32.0,32.0,35.75,44.0,35.75,35.75,29.0,29.0,33.0,34.0,54.0,16.0,16.0,30.0,15.0,22.0,9.0,,,,10.0,31.0,27.0,,
2017-01-27,38.0,27.0,35.0,35.75,43.0,35.75,35.75,32.0,32.0,37.0,36.0,44.0,17.0,20.0,33.0,20.0,16.0,,29.0,,,11.0,36.0,25.0,,
2017-01-28,45.0,29.0,39.0,39.5,45.0,39.5,39.5,39.0,39.0,42.0,41.0,44.0,20.0,23.0,32.0,24.0,17.0,,35.0,,,11.0,42.0,36.0,,
2017-01-29,58.0,47.0,53.0,55.0,62.0,55.0,55.0,57.0,57.0,80.0,44.0,53.0,,38.0,39.0,28.0,32.0,17.0,64.0,,,15.0,,42.0,,
2017-01-30,55.0,45.0,51.0,52.25,58.0,52.25,52.25,52.0,52.0,82.0,48.0,52.0,,42.0,40.0,28.0,36.0,20.0,62.0,,,16.0,47.0,55.0,,
2017-01-31,52.0,46.0,50.0,51.5,58.0,51.5,51.5,52.0,52.0,44.0,55.0,59.0,,36.0,52.0,40.0,37.0,13.0,33.0,,,17.0,57.0,48.0,,
2017-02-01,58.0,40.0,47.0,49.75,54.0,49.75,49.75,49.0,49.0,59.0,51.0,71.0,,31.0,51.0,39.0,33.0,13.0,44.0,,,17.0,48.0,41.0,,
2017-02-02,49.0,48.0,50.0,51.5,59.0,51.5,51.5,45.0,45.0,35.0,45.0,67.0,,30.0,44.0,33.0,21.0,23.0,24.0,,,17.0,45.0,31.0,,
2017-02-03,23.0,16.0,24.0,21.0,21.0,21.0,21.0,19.0,19.0,38.0,44.0,22.0,11.0,17.0,39.0,26.0,24.0,24.0,,,,13.0,37.0,23.0,,
2017-02-04,43.0,28.0,38.0,36.0,35.0,36.0,36.0,37.0,37.0,46.0,44.0,57.0,,,36.0,27.0,25.0,9.0,39.0,,,14.0,39.0,35.0,,
2017-02-05,56.0,45.0,49.0,51.75,57.0,51.75,51.75,50.0,50.0,65.0,43.0,53.0,,51.0,37.0,25.0,19.0,9.0,53.0,,,11.0,42.0,46.0,,
2017-02-06,70.0,52.0,62.0,63.0,68.0,63.0,63.0,63.0,63.0,77.0,36.0,56.0,,66.0,45.0,36.0,24.0,15.0,52.0,,,19.0,47.0,59.0,,
2017-02-07,51.0,42.0,45.0,47.5,52.0,47.5,47.5,48.0,48.0,89.0,24.0,32.0,,38.0,51.0,40.0,22.0,19.0,65.0,,,21.0,44.0,74.0,,
2017-02-08,37.0,31.0,35.0,35.25,38.0,35.25,35.25,32.0,32.0,86.0,23.0,24.0,,25.0,45.0,39.0,29.0,20.0,109.0,,,19.0,47.0,65.0,,
2017-02-09,47.0,41.0,48.0,45.75,47.0,45.75,45.75,44.0,44.0,86.0,40.0,35.0,23.0,28.0,46.0,41.0,34.0,18.0,56.0,,,23.0,51.0,60.0,,
2017-02-10,50.0,43.0,53.0,49.5,52.0,49.5,49.5,48.0,48.0,64.0,62.0,41.0,,41.0,50.0,40.0,47.0,16.0,34.0,,,31.0,65.0,63.0,,
2017-02-11,54.0,42.0,51.0,49.75,52.0,49.75,49.75,52.0,52.0,39.0,68.0,65.0,43.0,47.0,59.0,47.0,44.0,14.0,33.0,,,20.0,58.0,46.0,,
2017-02-12,45.0,38.0,51.0,46.25,51.0,46.25,46.25,39.0,39.0,31.0,66.0,39.0,28.0,31.0,63.0,51.0,34.0,15.0,48.0,,,18.0,46.0,35.0,,
2017-02-13,61.0,48.0,54.0,56.25,62.0,56.25,56.25,,,47.0,63.0,62.0,34.0,42.0,60.0,49.0,38.0,16.0,50.0,,,23.0,56.0,61.0,,
2017-02-14,71.0,59.0,67.0,68.0,75.0,68.0,68.0,,,52.0,76.0,81.0,,45.0,63.0,54.0,41.0,14.0,47.0,,,25.0,74.0,58.0,,
2017-02-15,64.0,53.0,59.0,61.5,70.0,61.5,61.5,57.0,57.0,48.0,77.0,82.0,31.0,38.0,62.0,48.0,31.0,10.0,40.0,,,23.0,56.0,44.0,,
2017-02-16,58.0,51.0,57.0,58.0,66.0,58.0,58.0,51.0,51.0,58.0,69.0,80.0,31.0,34.0,55.0,43.0,30.0,10.0,35.0,,,20.0,50.0,43.0,,
2017-02-17,59.0,47.0,55.333333333333336,55.333333333333336,60.0,55.333333333333336,55.333333333333336,54.0,54.0,71.0,60.0,63.0,,45.0,52.0,39.0,31.0,11.0,53.0,,,21.0,,45.0,,
2017-02-18,64.0,51.0,62.666666666666664,62.666666666666664,73.0,62.666666666666664,62.666666666666664,65.0,65.0,63.0,84.0,69.0,,61.0,51.0,39.0,34.0,9.0,42.0,,,22.0,,66.0,,
2017-02-19,76.0,70.0,77.33333333333333,77.33333333333333,86.0,77.33333333333333,77.33333333333333,80.0,80.0,54.0,77.0,75.0,,67.0,62.0,44.0,38.0,9.0,44.0,,,19.0,81.0,62.0,,
2017-02-20,48.0,54.0,51.333333333333336,51.333333333333336,52.0,51.333333333333336,51.333333333333336,48.0,48.0,87.0,55.0,41.0,,43.0,61.0,50.0,41.0,13.0,69.0,,,26.0,84.0,81.0,,
2017-02-21,33.0,37.0,35.666666666666664,35.666666666666664,37.0,35.666666666666664,35.666666666666664,34.0,34.0,60.0,47.0,32.0,,25.0,50.0,37.0,34.0,13.0,81.0,,,26.0,69.0,56.0,,
2017-02-22,25.0,22.0,24.0,24.0,25.0,24.0,24.0,21.0,21.0,51.0,31.0,14.0,,21.0,46.0,39.0,46.0,9.0,86.0,,,24.0,62.0,45.0,,
2017-02-23,17.0,16.0,17.0,17.0,18.0,17.0,17.0,16.0,16.0,48.0,24.0,8.0,,15.0,37.0,26.0,37.0,9.0,79.0,,,20.0,,38.0,,
2017-02-24,14.0,15.0,15.0,14.75,15.0,14.75,14.75,14.0,14.0,36.0,16.0,4.0,,15.0,43.0,34.0,34.0,7.0,53.0,,,21.0,46.0,24.0,,
2017-02-25,18.0,17.0,24.0,18.75,16.0,18.75,18.75,15.0,15.0,35.0,16.0,6.0,17.0,17.0,42.0,38.0,41.0,9.0,,,,22.0,45.0,25.0,,
2017-02-26,22.0,24.0,27.0,23.75,22.0,23.75,23.75,20.0,20.0,40.0,20.0,6.0,14.0,14.0,52.0,47.0,32.0,9.0,,,,19.0,50.0,,,
2017-02-27,38.0,32.0,39.0,37.75,42.0,37.75,37.75,35.0,35.0,38.0,41.0,42.0,25.0,25.0,49.0,41.0,36.0,8.0,36.0,,,22.0,52.0,,,
2017-02-28,62.0,56.0,60.0,62.25,71.0,62.25,62.25,62.0,62.0,56.0,66.0,70.0,38.0,48.0,48.0,39.0,40.0,10.0,38.0,,,22.0,53.0,55.0,,
2017-03-01,61.0,50.0,57.0,58.75,67.0,58.75,58.75,57.0,57.0,70.0,76.0,60.0,36.0,49.0,53.0,38.0,44.0,12.0,39.0,,,21.0,53.0,52.0,,
2017-03-02,67.0,55.0,61.0,63.25,70.0,63.25,63.25,64.0,64.0,47.0,82.0,62.0,46.0,58.0,60.0,48.0,51.0,13.0,41.0,,,20.0,65.0,52.0,,
2017-03-03,65.0,63.0,65.0,69.75,86.0,69.75,69.75,68.0,68.0,60.0,76.0,64.0,66.0,57.0,78.0,67.0,51.0,13.0,62.0,,,23.0,73.0,68.0,,
2017-03-04,44.0,48.0,48.0,47.5,50.0,47.5,47.5,41.0,41.0,79.0,59.0,33.0,48.0,43.0,61.0,48.0,67.0,16.0,77.0,,,33.0,58.0,76.0,,
2017-03-05,34.0,36.0,37.0,36.25,38.0,36.25,36.25,33.0,33.0,51.0,41.0,30.0,33.0,28.0,63.0,55.0,87.0,19.0,78.0,,,,61.0,49.0,,
2017-03-06,32.0,34.0,36.0,34.75,37.0,34.75,34.75,29.0,29.0,40.0,31.0,23.0,27.0,27.0,67.0,54.0,84.0,22.0,85.0,,,,47.0,37.0,,
2017-03-07,28.0,28.0,30.0,28.75,29.0,28.75,28.75,26.0,26.0,44.0,33.0,16.0,30.0,25.0,67.0,54.0,85.0,23.0,71.0,,,46.0,48.0,37.0,,
2017-03-08,29.0,32.0,31.0,30.75,31.0,30.75,30.75,30.0,30.0,45.0,26.0,18.0,26.0,28.0,72.0,61.0,73.0,16.0,52.0,,,46.0,41.0,42.0,,
2017-03-09,28.0,30.0,29.0,29.0,29.0,29.0,29.0,26.0,26.0,42.0,25.0,17.0,21.0,21.0,47.0,42.0,52.0,12.0,,,,35.0,28.0,32.0,,
2017-03-10,23.0,24.0,23.0,22.75,21.0,22.75,22.75,20.0,20.0,32.0,21.0,10.0,19.0,18.0,50.0,36.0,40.0,10.0,45.0,,,26.0,22.0,31.0,,
2017-03-11,25.0,22.0,23.0,23.5,24.0,23.5,23.5,21.0,21.0,42.0,30.0,12.0,25.0,21.0,45.0,34.0,48.0,13.0,53.0,,,22.0,28.0,33.0,,
2017-03-12,26.0,27.0,25.0,26.25,27.0,26.25,26.25,23.0,23.0,38.0,28.0,16.0,22.0,18.0,40.0,33.0,24.0,16.0,50.0,,,24.0,24.0,36.0,,
2017-03-13,31.0,35.0,32.0,34.5,40.0,34.5,34.5,32.0,32.0,43.0,25.0,24.0,21.0,21.0,44.0,36.0,34.0,19.0,55.0,,,17.0,34.0,31.0,,
2017-03-14,25.0,28.0,26.0,26.5,27.0,26.5,26.5,23.0,23.0,52.0,30.0,12.0,21.0,20.0,59.0,45.0,69.0,23.0,95.0,,,19.0,68.0,33.0,,
2017-03-15,26.0,22.0,26.0,24.75,25.0,24.75,24.75,23.0,23.0,38.0,25.0,11.0,23.0,22.0,59.0,45.0,56.0,24.0,78.0,,,38.0,74.0,27.0,,
2017-03-16,27.0,26.0,24.0,25.75,26.0,25.75,25.75,22.0,22.0,43.0,25.0,14.0,18.0,22.0,58.0,38.0,72.0,20.0,,,,63.0,116.0,27.0,,
2017-03-17,27.0,27.0,25.0,26.0,25.0,26.0,26.0,24.0,24.0,50.0,23.0,18.0,22.0,21.0,62.0,47.0,47.0,16.0,,,,59.0,50.0,25.0,,
2017-03-18,17.0,17.0,17.0,17.25,18.0,17.25,17.25,16.0,16.0,42.0,17.0,12.0,19.0,16.0,56.0,56.0,54.0,17.0,,,,31.0,42.0,21.0,,
2017-03-19,16.0,15.333333333333334,15.0,15.333333333333334,15.0,15.333333333333334,15.333333333333334,14.0,14.0,33.0,17.0,16.0,15.0,14.0,57.0,40.0,36.0,18.0,,,,17.0,38.0,21.0,,
2017-03-20,14.0,14.0,14.0,14.0,14.0,14.0,14.0,13.0,13.0,41.0,17.0,10.0,12.0,12.0,105.0,84.0,49.0,30.0,,,,28.0,68.0,24.0,,
2017-03-21,26.0,20.0,24.0,25.0,30.0,25.0,25.0,25.0,25.0,40.0,22.0,20.0,8.0,,77.0,73.0,59.0,13.0,,,,42.0,64.0,22.0,,
2017-03-22,26.0,29.0,25.0,27.25,29.0,27.25,27.25,24.0,24.0,49.0,39.0,31.0,10.0,17.0,71.0,64.0,62.0,12.0,,,,50.0,70.0,27.0,,
2017-03-23,19.0,22.0,18.0,19.5,19.0,19.5,19.5,16.0,16.0,36.0,22.0,15.0,10.0,12.0,114.0,98.0,95.0,15.0,,,,56.0,111.0,19.0,,
2017-03-24,18.0,15.0,17.0,17.0,18.0,17.0,17.0,15.0,15.0,37.0,20.0,11.0,10.0,14.0,110.0,96.0,72.0,10.0,,,,64.0,69.0,18.0,,
2017-03-25,23.0,22.0,23.0,22.25,21.0,22.25,22.25,20.0,20.0,38.0,32.0,19.0,,20.0,67.0,57.0,43.0,11.0,,,,59.0,57.0,24.0,,
2017-03-26,25.0,24.0,29.0,24.75,21.0,24.75,24.75,17.0,17.0,33.0,18.0,12.0,21.0,19.0,64.0,51.0,44.0,13.0,,,,48.0,67.0,30.0,,
2017-03-27,23.0,25.0,24.0,25.5,30.0,25.5,25.5,23.0,23.0,40.0,12.0,30.0,21.0,16.0,45.0,32.0,18.0,7.0,,,,16.0,60.0,21.0,,
2017-03-28,38.0,29.0,34.0,34.75,38.0,34.75,34.75,31.0,31.0,35.0,38.0,45.0,22.0,19.0,49.0,29.0,25.0,9.0,,,,,43.0,25.0,,
2017-03-29,32.0,30.0,29.0,30.5,31.0,30.5,30.5,26.0,26.0,53.0,30.0,24.0,33.0,23.0,54.0,41.0,30.0,9.0,32.0,,,31.0,47.0,28.0,,
2017-03-30,24.0,30.0,28.0,26.25,23.0,26.25,26.25,24.0,24.0,33.0,15.0,13.0,18.0,18.0,52.0,34.0,35.0,12.0,35.0,,,29.0,43.0,26.0,,
2017-03-31,15.0,16.0,15.666666666666666,15.666666666666666,16.0,15.666666666666666,15.666666666666666,12.0,12.0,22.0,14.0,9.0,9.0,,56.0,49.0,35.0,10.0,29.0,,,26.0,40.0,21.0,,
2017-04-01,21.0,15.0,19.666666666666668,19.666666666666668,23.0,19.666666666666668,19.666666666666668,22.0,22.0,28.0,18.0,24.0,15.0,16.0,58.0,49.0,24.0,10.0,14.0,,,14.0,46.0,15.0,,
2017-04-02,29.0,23.0,27.333333333333332,27.333333333333332,30.0,27.333333333333332,27.333333333333332,23.0,23.0,27.0,33.0,31.0,20.0,22.0,17.0,17.0,15.0,11.0,27.0,,,10.0,34.0,24.0,,
2017-04-03,42.0,36.0,41.0,41.0,45.0,41.0,41.0,37.0,37.0,41.0,33.0,39.0,27.0,24.0,41.0,27.0,26.0,5.0,21.0,,,16.0,35.0,28.0,,
2017-04-04,39.0,35.0,41.333333333333336,41.333333333333336,50.0,41.333333333333336,41.333333333333336,42.0,42.0,44.0,39.0,48.0,33.0,29.0,52.0,38.0,34.0,9.0,35.0,,,23.0,32.0,29.0,,
2017-04-05,47.0,40.0,44.333333333333336,44.333333333333336,46.0,44.333333333333336,44.333333333333336,40.0,40.0,59.0,29.0,41.0,39.0,30.0,61.0,45.0,39.0,11.0,53.0,,,,35.0,26.0,,
2017-04-06,30.0,27.0,30.0,30.0,33.0,30.0,30.0,29.0,29.0,42.0,23.0,23.0,16.0,22.0,71.0,61.0,55.0,12.0,34.0,,,27.0,49.0,18.0,,
2017-04-07,19.0,21.0,19.0,19.0,17.0,19.0,19.0,18.0,18.0,42.0,17.0,15.0,12.0,14.0,78.0,69.0,50.0,8.0,31.0,,,35.0,53.0,17.0,,
2017-04-08,13.333333333333334,12.0,14.0,13.333333333333334,14.0,13.333333333333334,13.333333333333334,12.0,12.0,34.0,10.0,9.0,13.0,15.0,90.0,74.0,37.0,17.0,25.0,,,37.0,44.0,19.0,,
2017-04-09,11.0,10.0,12.0,11.0,11.0,11.0,11.0,10.0,10.0,40.0,10.0,6.0,9.0,9.0,86.0,72.0,44.0,,26.0,,,,31.0,19.0,,
2017-04-10,10.0,10.0,10.0,10.0,10.0,10.0,10.0,7.0,7.0,29.0,11.0,7.0,11.0,9.0,68.0,52.0,43.0,,28.0,,,,24.0,19.0,,
2017-04-11,9.666666666666666,10.0,10.0,9.666666666666666,9.0,9.666666666666666,9.666666666666666,9.0,9.0,20.0,11.0,7.0,9.0,7.0,68.0,50.0,52.0,13.0,23.0,,,50.0,21.0,15.0,,
2017-04-12,8.666666666666666,8.0,11.0,8.666666666666666,7.0,8.666666666666666,8.666666666666666,8.0,8.0,27.0,8.0,5.0,,6.0,81.0,66.0,38.0,18.0,28.0,,,53.0,20.0,14.0,,
2017-04-13,10.666666666666666,10.0,12.0,10.666666666666666,10.0,10.666666666666666,10.666666666666666,8.0,8.0,24.0,9.0,4.0,9.0,8.0,65.0,48.0,23.0,19.0,14.0,,,,22.0,13.0,,
2017-04-14,17.333333333333332,17.0,16.0,17.333333333333332,19.0,17.333333333333332,17.333333333333332,16.0,16.0,16.0,11.0,11.0,12.0,11.0,30.0,15.0,10.0,11.0,16.0,,,,13.0,19.0,,
2017-04-15,16.333333333333332,16.0,18.0,16.333333333333332,15.0,16.333333333333332,16.333333333333332,12.0,12.0,23.0,13.0,9.0,13.0,12.0,28.0,13.0,10.0,9.0,25.0,,,,10.0,18.0,,
2017-04-16,15.666666666666666,15.0,16.0,15.666666666666666,16.0,15.666666666666666,15.666666666666666,12.0,12.0,28.0,12.0,9.0,13.0,13.0,24.0,14.0,14.0,12.0,23.0,,,7.0,10.0,19.0,,
2017-04-17,20.333333333333332,20.0,20.0,20.333333333333332,21.0,20.333333333333332,20.333333333333332,19.0,19.0,31.0,14.0,14.0,22.0,18.0,22.0,15.0,12.0,14.0,31.0,,,,10.0,23.0,,
2017-04-18,12.0,14.0,14.666666666666666,14.666666666666666,18.0,14.666666666666666,14.666666666666666,15.0,15.0,36.0,13.0,,18.0,15.0,25.0,11.0,8.0,20.0,29.0,,,,8.0,25.0,,
2017-04-19,12.0,10.0,12.0,12.0,14.0,12.0,12.0,8.0,8.0,25.0,11.0,,11.0,10.0,33.0,22.0,18.0,18.0,23.0,,,,12.0,14.0,,
2017-04-20,21.666666666666668,21.0,20.0,21.666666666666668,24.0,21.666666666666668,21.666666666666668,19.0,19.0,26.0,15.0,,16.0,12.0,38.0,24.0,24.0,16.0,24.0,,,20.0,18.0,21.0,,
2017-04-21,32.0,28.0,31.0,32.0,37.0,32.0,32.0,29.0,29.0,34.0,26.0,29.0,24.0,20.0,52.0,39.0,38.0,16.0,34.0,,,32.0,31.0,26.0,,
2017-04-22,43.0,45.0,46.0,45.5,48.0,45.5,45.5,43.0,43.0,51.0,39.0,42.0,35.0,35.0,73.0,55.0,49.0,18.0,50.0,,,40.0,40.0,37.0,,
2017-04-23,43.0,43.0,44.0,44.5,48.0,44.5,44.5,42.0,42.0,48.0,40.0,44.0,43.0,37.0,79.0,58.0,60.0,20.0,45.0,,,28.0,39.0,42.0,,
2017-04-24,39.0,39.0,38.0,39.0,40.0,39.0,39.0,35.0,35.0,47.0,36.0,37.0,30.0,27.0,73.0,60.0,58.0,15.0,37.0,,,23.0,39.0,28.0,,
2017-04-25,32.666666666666664,31.0,31.0,32.666666666666664,36.0,32.666666666666664,32.666666666666664,30.0,30.0,38.0,28.0,31.0,29.0,29.0,71.0,57.0,49.0,26.0,29.0,,,31.0,28.0,31.0,,
2017-04-26,33.333333333333336,33.0,31.0,33.333333333333336,36.0,33.333333333333336,33.333333333333336,32.0,32.0,45.0,27.0,31.0,28.0,27.0,67.0,57.0,48.0,19.0,38.0,,,37.0,33.0,35.0,,
2017-04-27,31.333333333333332,31.0,29.0,31.333333333333332,34.0,31.333333333333332,31.333333333333332,29.0,29.0,43.0,30.0,29.0,29.0,26.0,78.0,64.0,58.0,17.0,50.0,,,45.0,35.0,27.0,,
2017-04-28,30.666666666666668,31.0,28.0,30.666666666666668,33.0,30.666666666666668,30.666666666666668,25.0,25.0,44.0,,26.0,25.0,21.0,72.0,53.0,46.0,18.0,28.0,,,38.0,36.0,22.0,,
2017-04-29,26.0,37.0,28.0,32.25,38.0,32.25,32.25,27.0,27.0,39.0,,38.0,23.0,23.0,26.0,13.0,13.0,17.0,29.0,,,17.0,13.0,17.0,,
2017-04-30,25.0,29.0,30.0,29.5,34.0,29.5,29.5,27.0,27.0,,,22.0,27.0,18.0,29.0,17.0,20.0,15.0,34.0,,,16.0,16.0,22.0,,
2017-05-01,9.0,15.0,13.0,13.5,17.0,13.5,13.5,12.0,12.0,31.0,,15.0,12.0,9.0,45.0,32.0,30.0,18.0,32.0,,,26.0,16.0,18.0,,
2017-05-02,12.0,16.0,16.0,15.5,18.0,15.5,15.5,14.0,14.0,42.0,,14.0,13.0,13.0,41.0,33.0,34.0,18.0,36.0,,,36.0,24.0,21.0,,
2017-05-03,15.0,24.0,17.0,18.75,19.0,18.75,18.75,14.0,14.0,48.0,,19.0,15.0,13.0,43.0,31.0,39.0,19.0,33.0,,,45.0,29.0,20.0,,
2017-05-04,17.0,25.0,20.0,20.75,21.0,20.75,20.75,15.0,15.0,37.0,,17.0,15.0,15.0,50.0,33.0,31.0,20.0,34.0,,,46.0,32.0,20.0,,
2017-05-05,19.0,21.0,21.0,21.25,24.0,21.25,21.25,18.0,18.0,35.0,,,27.0,9.0,31.0,25.0,17.0,12.0,15.0,,,33.0,24.0,13.0,,
2017-05-06,30.0,38.0,32.0,35.5,42.0,35.5,35.5,27.0,27.0,53.0,,,35.0,19.0,16.0,18.0,15.0,13.0,20.0,,,25.0,14.0,23.0,,
2017-05-07,12.0,20.0,17.0,17.0,19.0,17.0,17.0,13.0,13.0,34.0,,,21.0,13.0,22.0,22.0,21.0,19.0,19.0,,,19.0,16.0,17.0,,
2017-05-08,14.0,22.0,21.0,19.25,20.0,19.25,19.25,14.0,14.0,48.0,,,18.0,13.0,22.0,24.0,18.0,13.0,29.0,,,22.0,16.0,28.0,,
2017-05-09,11.0,20.0,21.0,17.25,17.0,17.25,17.25,14.0,14.0,36.0,,,12.0,15.0,31.0,31.0,28.0,16.0,24.0,,,,21.0,19.0,,
2017-05-10,18.0,32.0,23.0,24.75,26.0,24.75,24.75,22.0,22.0,40.0,,,16.0,12.0,20.0,32.0,26.0,23.0,15.0,,,17.0,13.0,11.0,,
2017-05-11,14.0,21.0,20.0,20.75,28.0,20.75,20.75,17.0,17.0,47.0,10.0,,19.0,,19.0,19.0,13.0,18.0,15.0,,,14.0,14.0,7.0,,
2017-05-12,23.333333333333332,26.0,23.0,23.333333333333332,21.0,23.333333333333332,23.333333333333332,19.0,19.0,55.0,8.0,,12.0,,15.0,22.0,11.0,14.0,15.0,,,8.0,11.0,12.0,,
2017-05-13,24.333333333333332,26.0,23.0,24.333333333333332,24.0,24.333333333333332,24.333333333333332,17.0,17.0,54.0,8.0,,12.0,,11.0,18.0,8.0,15.0,21.0,,,5.0,7.0,15.0,,
2017-05-14,16.0,17.0,15.0,16.0,16.0,16.0,16.0,15.0,15.0,32.0,9.0,,14.0,,5.0,7.0,8.0,14.0,18.0,,,6.0,8.0,13.0,,
2017-05-15,13.0,16.0,13.0,13.0,10.0,13.0,13.0,10.0,10.0,28.0,7.0,,14.0,,7.0,10.0,8.0,22.0,15.0,,,,5.0,17.0,,
2017-05-16,16.333333333333332,17.0,13.0,16.333333333333332,19.0,16.333333333333332,16.333333333333332,14.0,14.0,34.0,8.0,16.0,12.0,,7.0,12.0,4.0,17.0,10.0,,,,8.0,13.0,,
2017-05-17,13.333333333333334,15.0,10.0,13.333333333333334,15.0,13.333333333333334,13.333333333333334,,,21.0,5.0,,14.0,,5.0,5.0,2.0,25.0,14.0,,,5.0,,7.0,,
2017-05-18,17.333333333333332,21.0,15.0,17.333333333333332,16.0,17.333333333333332,17.333333333333332,16.0,16.0,25.0,12.0,,18.0,,6.0,8.0,2.0,27.0,10.0,,,,8.0,16.0,,
2017-05-19,18.0,35.0,25.0,27.25,31.0,27.25,27.25,24.0,24.0,35.0,17.0,,17.0,,12.0,13.0,7.0,14.0,15.0,,,,14.0,19.0,,
2017-05-20,20.0,35.0,29.0,29.25,33.0,29.25,29.25,30.0,30.0,40.0,16.0,,17.0,,22.0,24.0,15.0,18.0,19.0,,,,18.0,20.0,,
2017-05-21,17.0,21.0,22.0,20.75,23.0,20.75,20.75,23.0,23.0,38.0,20.0,,19.0,,26.0,30.0,19.0,15.0,28.0,,,13.0,23.0,21.0,,
2017-05-22,19.0,27.0,25.0,24.0,25.0,24.0,24.0,22.0,22.0,38.0,16.0,,19.0,,30.0,38.0,25.0,14.0,23.0,,,20.0,21.0,22.0,,
2017-05-23,25.0,27.0,24.0,25.0,24.0,25.0,25.0,26.0,26.0,30.0,15.0,,23.0,,26.0,27.0,23.0,9.0,25.0,,,19.0,18.0,22.0,,
2017-05-24,22.0,24.0,20.0,22.0,22.0,22.0,22.0,21.0,21.0,47.0,9.0,17.0,12.0,,21.0,22.0,21.0,13.0,18.0,,,13.0,18.0,14.0,,
2017-05-25,14.0,26.0,16.0,18.25,17.0,18.25,18.25,,,40.0,5.0,19.0,14.0,9.0,26.0,28.0,17.0,12.0,18.0,,,11.0,13.0,15.0,,
2017-05-26,13.0,20.0,15.0,18.0,24.0,18.0,18.0,19.0,19.0,43.0,9.0,27.0,22.0,9.0,13.0,15.0,7.0,20.0,18.0,,,6.0,5.0,,,
2017-05-27,19.0,25.0,19.0,22.25,26.0,22.25,22.25,25.0,25.0,41.0,9.0,,14.0,7.0,14.0,15.0,9.0,18.0,30.0,,,8.0,3.0,,,
2017-05-28,9.0,26.0,13.0,17.25,21.0,17.25,17.25,15.0,15.0,33.0,7.0,,10.0,6.0,18.0,17.0,13.0,18.0,31.0,,,15.0,3.0,10.0,,
2017-05-29,8.0,20.0,13.0,15.0,19.0,15.0,15.0,16.0,16.0,38.0,9.0,15.0,14.0,8.0,20.0,18.0,14.0,19.0,31.0,,,18.0,4.0,11.0,,
2017-05-30,12.0,24.0,14.0,18.0,22.0,18.0,18.0,21.0,21.0,33.0,11.0,16.0,16.0,13.0,16.0,21.0,9.0,21.0,20.0,,,18.0,8.0,15.0,,
2017-05-31,13.0,26.0,18.0,20.25,24.0,20.25,20.25,22.0,22.0,33.0,11.0,25.0,14.0,15.0,17.0,16.0,7.0,16.0,17.0,,,6.0,10.0,18.0,,
2017-06-01,9.0,23.0,18.0,16.25,15.0,16.25,16.25,18.0,18.0,25.0,10.0,16.0,14.0,,20.0,21.0,9.0,22.0,19.0,,,9.0,9.0,19.0,,
2017-06-02,11.0,28.0,13.0,18.25,21.0,18.25,18.25,15.0,15.0,23.0,7.0,16.0,11.0,,20.0,18.0,8.0,18.0,19.0,,,11.0,6.0,14.0,,
2017-06-03,10.666666666666666,14.0,7.0,10.666666666666666,11.0,10.666666666666666,10.666666666666666,11.0,11.0,17.0,7.0,10.0,10.0,,16.0,16.0,6.0,21.0,11.0,,,8.0,5.0,12.0,,
2017-06-04,12.0,14.0,8.0,12.0,14.0,12.0,12.0,11.0,11.0,6.0,5.0,10.0,12.0,,11.0,11.0,4.0,18.0,,,,5.0,2.0,10.0,,
2017-06-05,13.333333333333334,14.0,10.0,13.333333333333334,16.0,13.333333333333334,13.333333333333334,15.0,15.0,13.0,8.0,,7.0,,19.0,18.0,5.0,22.0,,,,7.0,,7.0,,
2017-06-06,5.0,14.0,10.0,10.75,14.0,10.75,10.75,15.0,15.0,,8.0,,9.0,,22.0,22.0,10.0,12.0,14.0,,,10.0,,12.0,8.0,
2017-06-07,6.0,18.0,11.0,14.0,15.0,11.0,12.5,17.0,4.0,20.0,7.0,11.0,7.0,6.0,18.0,18.0,6.0,13.0,,9.0,24.0,7.0,,10.0,6.0,12.0
2017-06-08,6.0,17.0,12.0,14.0,15.0,14.0,13.0,14.0,4.0,14.0,9.0,12.0,8.0,6.0,11.0,11.0,5.0,16.0,13.0,12.0,17.0,,3.0,9.0,7.0,13.0
2017-06-09,8.0,19.0,10.0,12.8,15.0,12.0,12.799999999999999,14.0,7.0,24.0,7.0,10.0,14.0,10.0,11.0,11.0,4.0,24.0,,16.0,20.0,,4.0,13.0,9.0,27.0
2017-06-10,13.0,17.0,14.0,15.6,18.0,16.0,15.6,17.0,13.0,24.0,11.0,,18.0,17.0,11.0,11.0,6.0,33.0,,14.0,32.0,,2.0,15.0,18.0,27.0
2017-06-11,17.0,17.0,23.0,20.8,27.0,20.0,20.8,21.0,17.0,26.0,14.0,,27.0,,14.0,14.0,4.0,26.0,,13.0,23.0,,6.0,21.0,16.0,20.0
2017-06-12,18.0,28.0,24.0,24.6,30.0,23.0,24.599999999999998,21.0,15.0,29.0,15.0,,27.0,,17.0,15.0,9.0,20.0,,8.0,18.0,,11.0,26.0,17.0,16.0
2017-06-13,17.0,21.0,19.0,21.0,27.0,20.0,20.833333333333332,22.0,18.0,28.0,,,17.0,,15.0,15.0,,18.0,,14.0,15.0,,6.0,,13.0,14.0
2017-06-14,12.0,12.0,16.0,17.0,14.4,15.0,14.4,15.0,14.0,26.0,,,13.0,19.0,13.0,10.0,,30.0,,10.0,15.0,,,9.0,13.0,14.0
2017-06-15,27.0,24.0,28.0,28.0,32.0,26.0,27.5,29.0,36.0,40.0,22.0,30.0,13.0,29.0,14.0,11.0,8.0,17.0,,9.0,14.0,,11.0,19.0,19.0,15.0
2017-06-16,27.0,24.0,25.0,25.0,28.0,25.0,25.666666666666668,26.0,24.0,46.0,19.0,28.0,18.0,30.0,23.0,21.0,13.0,17.0,,8.0,13.0,8.0,13.0,23.0,20.0,11.0
2017-06-17,20.8,19.0,21.0,22.0,23.0,19.0,20.8,23.0,23.0,43.0,11.0,23.0,20.0,29.0,14.0,18.0,8.0,20.0,,8.0,12.0,7.0,5.0,24.0,13.0,11.0
2017-06-18,16.0,18.0,15.0,16.0,18.0,13.0,16.0,14.0,14.0,21.0,10.0,18.0,13.0,20.0,9.0,9.0,4.0,13.0,,7.0,8.0,5.0,,17.0,10.0,7.0
2017-06-19,12.0,20.0,18.0,19.0,20.0,15.0,17.333333333333332,11.0,11.0,16.0,9.0,19.0,11.0,15.0,12.0,12.0,4.0,19.0,,6.0,13.0,5.0,,9.0,7.0,13.0
2017-06-20,14.0,20.0,20.0,23.0,23.0,19.0,19.833333333333332,19.0,15.0,21.0,15.0,,9.0,19.0,11.0,11.0,4.0,24.0,,8.0,16.0,5.0,2.0,13.0,10.0,12.0
2017-06-21,19.8,20.0,18.0,18.0,26.0,17.0,19.8,17.0,13.0,25.0,8.0,,7.0,8.0,14.0,14.0,4.0,20.0,,9.0,13.0,5.0,2.0,10.0,6.0,9.0
2017-06-22,18.6,21.0,18.0,18.0,20.0,16.0,18.599999999999998,16.0,13.0,17.0,9.0,17.0,6.0,,11.0,11.0,5.0,20.0,,4.0,10.0,5.0,4.0,6.0,7.0,7.0
2017-06-23,13.6,16.0,11.0,13.0,19.0,9.0,13.6,11.0,12.0,18.0,,19.0,7.0,8.0,11.0,15.0,6.0,15.0,7.0,3.0,7.0,8.0,2.0,,5.0,5.0
2017-06-24,14.0,13.0,13.0,14.0,19.0,11.0,14.0,14.0,10.0,17.0,5.0,17.0,7.0,7.0,13.0,13.0,5.0,10.0,9.0,4.0,7.0,6.0,2.0,,4.0,6.0
2017-06-25,14.5,14.5,11.0,15.0,20.0,12.0,14.5,11.0,5.0,15.0,,15.0,8.0,,8.0,8.0,4.0,15.0,8.0,2.0,8.0,5.0,4.0,12.0,7.0,6.0
2017-06-26,15.6,19.0,12.0,15.0,19.0,13.0,15.6,11.0,24.0,24.0,7.0,18.0,8.0,10.0,15.0,16.0,5.0,11.0,8.0,4.0,7.0,4.0,3.0,15.0,7.0,6.0
2017-06-27,15.8,14.0,14.0,16.0,21.0,14.0,15.799999999999999,12.0,16.0,24.0,,16.0,12.0,,14.0,13.0,7.0,13.0,9.0,4.0,9.0,3.0,3.0,16.0,9.0,8.0
2017-06-28,14.0,18.0,12.0,13.0,15.0,12.0,14.0,10.0,15.0,22.0,,14.0,9.0,,12.0,9.0,7.0,9.0,12.0,7.0,10.0,3.0,,15.0,6.0,7.0
2017-06-29,18.6,20.0,18.0,19.0,20.0,16.0,18.599999999999998,17.0,15.0,25.0,,18.0,7.0,11.0,12.0,9.0,4.0,16.0,11.0,6.0,9.0,4.0,5.0,13.0,10.0,8.0
2017-06-30,6.0,23.0,13.0,16.0,18.0,12.0,14.666666666666666,13.0,13.0,34.0,,15.0,14.0,13.0,15.0,13.0,,12.0,8.0,2.0,9.0,,5.0,18.0,11.0,7.0
2017-07-01,6.0,15.0,15.0,17.0,19.0,15.0,14.5,14.0,10.0,22.0,11.0,22.0,11.0,,14.0,13.0,5.0,14.0,7.0,5.0,10.0,,,17.0,10.0,9.0
2017-07-02,9.0,17.4,18.0,18.0,23.0,19.0,17.400000000000002,16.0,12.0,29.0,14.0,20.0,11.0,12.0,15.0,16.0,6.0,10.0,6.0,5.0,9.0,,4.0,17.0,8.0,8.0
2017-07-03,8.0,15.0,15.0,16.0,20.0,16.0,15.0,12.0,14.0,22.0,9.0,19.0,10.0,13.0,18.0,17.0,7.0,15.0,8.0,4.0,10.0,,5.0,13.0,9.0,9.0
2017-07-04,6.0,15.0,14.0,17.0,22.0,16.0,15.0,13.0,14.0,23.0,8.0,15.0,18.0,12.0,20.0,20.0,9.0,14.0,10.0,3.0,10.0,,4.0,14.0,8.0,11.0
2017-07-05,6.0,14.8,17.0,16.0,19.0,16.0,14.799999999999999,14.0,12.0,21.0,,14.0,13.0,15.0,19.0,17.0,6.0,23.0,11.0,4.0,16.0,5.0,3.0,13.0,9.0,16.0
2017-07-06,10.0,19.0,14.0,15.0,18.0,15.0,15.166666666666666,14.0,14.0,19.0,,,17.0,13.0,14.0,11.0,5.0,18.0,12.0,6.0,12.0,3.0,,13.0,6.0,9.0
2017-07-07,7.0,9.8,10.0,11.0,12.0,9.0,9.799999999999999,10.0,13.0,14.0,6.0,,9.0,,12.0,14.0,7.0,17.0,11.0,,12.0,,4.0,10.0,6.0,8.0
2017-07-08,5.0,18.0,13.0,16.0,21.0,13.0,14.333333333333334,14.0,13.0,18.0,7.0,,10.0,11.0,10.0,15.0,6.0,21.0,9.0,5.0,12.0,,4.0,12.0,9.0,11.0
2017-07-09,7.0,16.0,12.0,13.0,17.0,13.0,13.0,11.0,8.0,23.0,8.0,,12.0,13.0,11.0,19.0,5.0,15.0,9.0,,15.0,,3.0,15.0,8.0,9.0
2017-07-10,16.8,15.0,15.0,18.0,20.0,16.0,16.8,15.0,12.0,24.0,10.0,,12.0,,13.0,12.0,4.0,12.0,12.0,7.0,11.0,,,15.0,9.0,10.0
2017-07-11,10.0,31.0,16.0,20.0,22.0,15.0,19.0,14.0,14.0,27.0,9.0,,15.0,13.0,12.0,15.0,4.0,16.0,13.0,6.0,11.0,,4.0,19.0,11.0,6.0
2017-07-12,8.0,16.0,14.0,20.0,21.0,14.0,15.5,14.0,12.0,21.0,6.0,,12.0,,11.0,11.0,3.0,21.0,9.0,5.0,11.0,,4.0,13.0,8.0,9.0
2017-07-13,5.0,14.0,11.0,17.0,21.0,12.0,13.333333333333334,11.0,12.0,28.0,6.0,,14.0,11.0,12.0,12.0,3.0,19.0,10.0,4.0,12.0,,3.0,13.0,7.0,12.0
2017-07-14,5.0,18.0,12.0,18.0,24.0,14.0,15.166666666666666,11.0,9.0,14.0,6.0,,11.0,10.0,16.0,16.0,3.0,15.0,12.0,8.0,9.0,,,11.0,6.0,10.0
2017-07-15,14.0,20.0,18.0,21.0,26.0,16.0,19.166666666666668,16.0,17.0,23.0,8.0,,11.0,11.0,12.0,12.0,4.0,13.0,12.0,12.0,17.0,,,16.0,10.0,10.0
2017-07-16,10.0,12.0,13.0,18.0,20.0,13.0,14.333333333333334,13.0,13.0,18.0,5.0,,13.0,11.0,12.0,12.0,6.0,21.0,10.0,21.0,23.0,,,,10.0,15.0
2017-07-17,9.0,14.0,14.0,17.0,20.0,11.0,14.166666666666666,9.0,12.0,21.0,9.0,,12.0,15.0,14.0,13.0,4.0,28.0,10.0,24.0,29.0,,2.0,,19.0,22.0
2017-07-18,9.0,20.0,18.0,17.0,20.0,14.0,16.333333333333332,13.0,12.0,24.0,9.0,,18.0,16.0,13.0,11.0,5.0,29.0,15.0,24.0,32.0,,4.0,,12.0,22.0
2017-07-19,9.0,17.0,16.0,17.0,19.0,14.0,15.333333333333334,14.0,20.0,18.0,8.0,,15.0,15.0,14.0,12.0,5.0,36.0,13.0,18.0,31.0,,3.0,,9.0,24.0
2017-07-20,13.0,15.0,14.0,19.0,25.0,13.0,16.5,16.0,28.0,11.0,4.0,,13.0,10.0,15.0,13.0,7.0,28.0,12.0,18.0,31.0,,,,6.0,19.0
2017-07-21,15.0,19.0,16.0,19.0,24.0,13.0,17.666666666666668,15.0,17.0,24.0,,16.0,13.0,14.0,15.0,12.0,4.0,19.0,12.0,24.0,29.0,,,,8.0,19.0
2017-07-22,10.0,15.0,12.0,14.0,20.0,10.0,13.5,10.0,14.0,22.0,,,11.0,12.0,14.0,12.0,3.0,29.0,15.0,26.0,39.0,,,13.0,6.0,26.0
2017-07-23,11.0,22.0,14.0,18.0,22.0,12.0,16.5,14.0,17.0,19.0,,9.0,14.0,10.0,12.0,12.0,,30.0,11.0,22.0,39.0,,3.0,14.0,8.0,28.0
2017-07-24,12.0,16.0,14.0,18.0,25.0,11.0,16.0,12.0,17.0,17.0,,12.0,16.0,,15.0,12.0,5.0,30.0,10.0,19.0,41.0,,4.0,5.0,6.0,25.0
2017-07-25,14.0,14.8,13.0,16.0,21.0,10.0,14.799999999999999,15.0,16.0,23.0,4.0,14.0,9.0,12.0,19.0,13.0,8.0,27.0,11.0,14.0,34.0,,6.0,7.0,7.0,22.0
2017-07-26,9.0,16.0,10.0,15.0,21.0,8.0,13.166666666666666,10.0,17.0,14.0,,13.0,13.0,,13.0,11.0,6.0,24.0,,20.0,35.0,,5.0,5.0,6.0,21.0
2017-07-27,13.0,16.0,16.0,18.0,23.0,12.0,16.333333333333332,12.0,13.0,20.0,8.0,16.0,10.0,12.0,12.0,12.0,6.0,32.0,,26.0,38.0,,4.0,5.0,9.0,25.0
2017-07-28,11.0,13.0,13.0,16.0,20.0,10.0,13.833333333333334,11.0,12.0,23.0,10.0,11.0,11.0,12.0,12.0,12.0,5.0,15.0,,24.0,24.0,,5.0,10.0,11.0,8.0
2017-07-29,12.0,19.0,17.0,19.0,26.0,16.0,18.166666666666668,15.0,15.0,25.0,12.0,15.0,17.0,15.0,12.0,12.0,7.0,11.0,,17.0,22.0,,3.0,8.0,11.0,10.0
2017-07-30,17.0,31.0,22.0,22.0,27.0,17.0,22.666666666666668,19.0,20.0,29.0,14.0,22.0,26.0,18.0,12.0,12.0,4.0,21.0,,11.0,20.0,,6.0,,13.0,8.0
2017-07-31,20.0,28.0,21.0,22.0,28.0,18.0,22.833333333333332,20.0,21.0,35.0,15.0,22.0,26.0,21.0,14.0,11.0,5.0,14.0,,7.0,20.0,,8.0,,18.0,8.0
2017-08-01,20.0,37.0,26.0,25.0,31.0,19.0,26.333333333333332,20.0,26.0,31.0,17.0,23.0,24.0,20.0,16.0,12.0,7.0,11.0,,9.0,19.0,,7.0,,21.0,6.0
2017-08-02,16.0,20.0,20.0,22.0,28.0,17.0,20.5,18.0,17.0,27.0,10.0,,22.0,19.0,15.0,12.0,7.0,12.0,,5.0,13.0,,,11.0,16.0,10.0
2017-08-03,16.0,24.0,21.0,24.0,30.0,20.0,22.5,15.0,14.0,19.0,,,26.0,20.0,16.0,13.0,8.0,18.0,,7.0,15.0,6.0,7.0,5.0,15.0,10.0
2017-08-04,12.0,24.0,19.0,20.0,22.0,16.0,18.833333333333332,16.0,14.0,29.0,,,23.0,18.0,16.0,12.0,7.0,13.0,,10.0,19.0,10.0,4.0,10.0,13.0,6.0
2017-08-05,11.0,16.0,17.0,18.0,20.0,14.0,16.0,12.0,13.0,26.0,,,20.0,16.0,17.0,13.0,5.0,11.0,,10.0,19.0,9.0,4.0,9.0,14.0,8.0
2017-08-06,13.0,16.0,17.0,19.0,22.0,16.0,17.166666666666668,10.0,14.0,30.0,10.0,,16.0,15.0,15.0,12.0,4.0,16.0,,7.0,19.0,,4.0,9.0,9.0,10.0
2017-08-07,17.8,19.0,16.0,18.0,22.0,14.0,17.8,13.0,15.0,23.0,8.0,15.0,12.0,13.0,15.0,12.0,3.0,,,10.0,23.0,,,8.0,9.0,10.0
2017-08-08,17.0,16.0,15.0,18.0,21.0,15.0,17.0,13.0,21.0,22.0,5.0,16.0,14.0,11.0,14.0,11.0,5.0,,,6.0,14.0,7.0,,9.0,8.0,8.0
2017-08-09,7.0,25.0,15.0,17.0,22.0,13.0,16.5,14.0,15.0,32.0,6.0,15.0,17.0,,12.0,12.0,3.0,12.0,,5.0,13.0,5.0,,11.0,8.0,6.0
2017-08-10,17.25,17.25,16.0,18.0,22.0,13.0,17.25,10.0,15.0,27.0,10.0,14.0,29.0,16.0,14.0,12.0,3.0,14.0,,4.0,11.0,6.0,5.0,9.0,8.0,7.0
2017-08-11,7.0,12.4,9.0,15.0,19.0,12.0,12.4,11.0,18.0,29.0,11.0,15.0,25.0,15.0,16.0,12.0,5.0,10.0,,3.0,9.0,6.0,4.0,12.0,14.0,5.0
2017-08-12,8.0,10.8,9.0,13.0,14.0,10.0,10.799999999999999,10.0,15.0,27.0,6.0,10.0,25.0,12.0,13.0,12.0,5.0,9.0,,,10.0,7.0,5.0,10.0,6.0,6.0
2017-08-13,8.0,11.6,11.0,14.0,15.0,10.0,11.6,10.0,14.0,31.0,5.0,9.0,19.0,15.0,14.0,11.0,5.0,9.0,,3.0,10.0,8.0,5.0,14.0,6.0,6.0
2017-08-14,11.0,14.8,13.0,18.0,19.0,13.0,14.799999999999999,15.0,14.0,39.0,,14.0,17.0,13.0,19.0,13.0,6.0,11.0,,5.0,10.0,7.0,6.0,14.0,8.0,5.0
2017-08-15,6.0,12.4,12.0,16.0,14.0,14.0,12.4,12.0,11.0,33.0,,11.0,14.0,13.0,16.0,12.0,3.0,8.0,,,11.0,7.0,6.0,11.0,8.0,3.0
2017-08-16,10.0,14.6,12.0,18.0,19.0,14.0,14.6,15.0,12.0,23.0,,15.0,8.0,11.0,15.0,12.0,4.0,11.0,,5.0,11.0,5.0,7.0,9.0,7.0,6.0
2017-08-17,7.0,10.0,10.0,16.0,16.0,12.0,11.833333333333334,15.0,11.0,28.0,,22.0,9.0,10.0,15.0,12.0,3.0,8.0,,9.0,13.0,5.0,6.0,6.0,6.0,7.0
2017-08-18,13.0,16.0,15.0,23.0,23.0,16.0,17.666666666666668,16.0,16.0,16.0,,21.0,14.0,14.0,13.0,11.0,4.0,15.0,,17.0,16.0,9.0,4.0,12.0,6.0,8.0
2017-08-19,14.0,22.0,13.0,18.0,16.6,16.0,16.599999999999998,15.0,20.0,35.0,,17.0,16.0,,14.0,12.0,5.0,17.0,,11.0,19.0,8.0,5.0,16.0,10.0,10.0
2017-08-20,8.0,12.0,8.0,13.0,10.2,10.0,10.200000000000001,8.0,11.0,20.0,,12.0,12.0,,12.0,10.0,2.0,16.0,,14.0,28.0,7.0,3.0,13.0,5.0,17.0
2017-08-21,9.0,13.0,10.0,15.0,11.6,11.0,11.6,11.0,12.0,23.0,,14.0,10.0,,12.0,12.0,3.0,28.0,,14.0,24.0,7.0,4.0,12.0,7.0,15.0
2017-08-22,14.0,14.0,15.0,18.0,20.0,14.0,15.833333333333334,15.0,13.0,22.0,,17.0,10.0,12.0,14.0,12.0,6.0,23.0,,11.0,24.0,,4.0,19.0,7.0,12.0
2017-08-23,11.0,15.0,10.0,16.0,18.0,11.0,13.5,12.0,14.0,23.0,,15.0,9.0,10.0,11.0,12.0,,20.0,,10.0,23.0,10.0,5.0,15.0,6.0,14.0
2017-08-24,14.0,15.0,14.0,19.0,21.0,14.0,16.166666666666668,12.0,9.0,22.0,6.0,19.0,11.0,12.0,15.0,15.0,,25.0,,6.0,23.0,,4.0,16.0,9.0,18.0
2017-08-25,10.0,11.0,13.0,17.0,20.0,13.0,14.0,10.0,8.0,17.0,8.0,10.0,10.0,11.0,20.0,20.0,3.0,26.0,,6.0,29.0,8.0,,14.0,7.0,21.0
2017-08-26,13.0,15.0,15.0,18.0,18.0,15.0,15.666666666666666,15.0,16.0,31.0,5.0,17.0,12.0,12.0,12.0,11.0,6.0,17.0,,8.0,21.0,8.0,5.0,13.0,6.0,8.0
2017-08-27,10.0,18.0,13.2,14.0,13.0,11.0,13.200000000000001,10.0,16.0,17.0,4.0,13.0,8.0,9.0,10.0,9.0,6.0,16.0,,7.0,19.0,10.0,5.0,12.0,6.0,8.0
2017-08-28,11.0,20.0,16.4,17.0,21.0,13.0,16.400000000000002,12.0,14.0,16.0,6.0,14.0,11.0,11.0,12.0,11.0,9.0,8.0,,7.0,14.0,9.0,7.0,12.0,6.0,5.0
2017-08-29,18.0,23.0,22.6,23.0,30.0,19.0,22.599999999999998,19.0,22.0,18.0,9.0,18.0,14.0,16.0,14.0,12.0,6.0,17.0,,5.0,16.0,7.0,6.0,14.0,12.0,7.0
2017-08-30,14.0,24.0,19.0,23.0,28.0,19.0,21.166666666666668,16.0,17.0,21.0,12.0,18.0,13.0,18.0,12.0,11.0,5.0,11.0,,9.0,15.0,7.0,6.0,20.0,13.0,9.0
2017-08-31,11.0,16.0,14.0,19.0,23.0,15.0,16.333333333333332,15.0,14.0,19.0,11.0,15.0,13.0,15.0,11.0,10.0,4.0,14.0,,6.0,16.0,7.0,6.0,19.0,10.0,15.0
2017-09-01,13.0,10.0,15.0,19.0,22.0,16.0,15.833333333333334,15.0,17.0,22.0,9.0,13.0,11.0,16.0,,,5.0,15.0,,5.0,12.0,7.0,5.0,21.0,8.0,11.0
2017-09-02,13.0,9.0,11.0,20.0,22.0,13.0,14.666666666666666,13.0,19.0,24.0,10.0,19.0,10.0,12.0,10.0,11.0,7.0,17.0,,8.0,18.0,7.0,4.0,27.0,7.0,8.0
2017-09-03,12.0,10.0,7.0,14.0,16.0,10.0,11.5,11.0,13.0,29.0,6.0,15.0,14.0,12.0,12.0,11.0,7.0,13.0,,11.0,13.0,10.0,5.0,16.0,6.0,5.0
2017-09-04,10.0,6.0,7.0,14.0,15.0,9.0,10.166666666666666,9.0,10.0,24.0,6.0,9.0,10.0,13.0,14.0,12.0,7.0,11.0,,4.0,11.0,11.0,8.0,17.0,5.0,7.0
2017-09-05,9.0,10.0,9.0,16.0,16.0,13.0,12.166666666666666,11.0,10.0,28.0,5.0,13.0,8.0,12.0,12.0,12.0,9.0,12.0,,4.0,14.0,10.0,11.0,13.0,6.0,8.0
2017-09-06,9.0,11.0,10.0,19.0,20.0,15.0,14.0,13.0,11.0,20.0,4.0,7.0,9.0,11.0,13.0,13.0,6.0,14.0,,5.0,14.0,9.0,11.0,16.0,6.0,12.0
2017-09-07,8.0,9.0,8.0,16.0,15.0,11.0,11.166666666666666,11.0,16.0,38.0,,9.0,8.0,15.0,11.0,4.0,6.0,19.0,,6.0,15.0,8.0,11.0,22.0,12.0,12.0
2017-09-08,11.0,11.0,15.0,17.0,16.0,18.0,14.666666666666666,11.0,12.0,56.0,,12.0,10.0,16.0,11.0,8.0,5.0,17.0,,10.0,20.0,8.0,10.0,26.0,15.0,9.0
2017-09-09,10.0,10.0,13.0,15.0,16.0,14.0,13.0,9.0,14.0,54.0,,17.0,13.0,17.0,14.0,8.0,9.0,26.0,,11.0,18.0,7.0,10.0,28.0,15.0,8.0
2017-09-10,14.0,23.0,19.0,22.0,24.0,20.0,20.333333333333332,13.0,22.0,33.0,,14.0,14.0,17.0,15.0,10.0,9.0,16.0,,,11.0,8.0,9.0,20.0,9.0,8.0
2017-09-11,20.0,32.0,25.0,29.0,33.0,28.0,27.833333333333332,23.0,24.0,44.0,,30.0,13.0,17.0,16.0,9.0,7.0,7.0,,,14.0,8.0,10.0,23.0,10.0,8.0
2017-09-12,21.0,24.0,28.0,29.0,30.0,26.0,26.333333333333332,19.0,22.0,36.0,,15.0,13.0,19.0,17.0,7.0,8.0,12.0,,5.0,18.0,10.0,11.0,15.0,12.0,11.0
2017-09-13,23.0,27.0,30.0,29.0,32.0,29.0,28.333333333333332,23.0,21.0,50.0,,22.0,20.0,21.0,15.0,10.0,9.0,12.0,,5.0,12.0,10.0,13.0,22.0,11.0,6.0
2017-09-14,18.0,19.0,21.0,23.0,26.0,23.0,21.666666666666668,17.0,28.0,49.0,,15.0,20.0,20.0,16.0,10.0,11.0,12.0,,4.0,10.0,9.0,11.0,26.0,8.0,5.0
2017-09-15,17.0,16.0,16.0,21.0,21.0,17.0,18.0,13.0,17.0,32.0,,18.0,12.0,13.0,16.0,10.0,12.0,10.0,,2.0,9.0,12.0,11.0,19.0,7.0,5.0
2017-09-16,9.0,13.0,10.0,15.0,18.0,10.0,12.5,13.0,14.0,28.0,,7.0,8.0,11.0,16.0,13.0,8.0,9.0,,5.0,14.0,9.0,10.0,10.0,6.0,5.0
2017-09-17,6.0,6.0,8.0,11.0,11.0,8.0,8.333333333333334,7.0,8.0,29.0,,8.0,14.0,9.0,13.0,5.0,5.0,12.0,,6.0,17.0,9.0,8.0,9.0,7.0,8.0
2017-09-18,11.0,9.0,11.0,18.0,18.0,12.0,13.166666666666666,10.0,18.0,25.0,,11.0,13.0,12.0,11.0,7.0,5.0,16.0,,5.0,16.0,8.0,7.0,16.0,5.0,12.0
2017-09-19,13.0,16.0,13.0,16.0,24.0,13.0,15.833333333333334,14.0,19.0,42.0,,12.0,12.0,14.0,13.0,8.0,6.0,10.0,,4.0,14.0,9.0,8.0,22.0,7.0,6.0
2017-09-20,17.0,15.0,15.0,25.0,31.0,18.0,20.166666666666668,25.0,25.0,64.0,,21.0,13.0,20.0,13.0,9.0,7.0,13.0,,3.0,11.0,10.0,10.0,15.0,10.0,7.0
2017-09-21,28.0,30.0,30.0,35.0,42.0,33.0,33.0,39.0,27.0,38.0,,26.0,12.0,32.0,16.0,10.0,6.0,8.0,,4.0,9.0,9.0,11.0,10.0,9.0,4.0
2017-09-22,20.0,15.0,21.0,25.0,30.0,20.0,21.833333333333332,26.0,25.0,,,21.0,17.0,21.0,15.0,9.0,7.0,12.0,,4.0,11.0,,12.0,11.0,7.0,5.0
2017-09-23,15.0,18.0,19.0,25.0,28.0,20.0,20.833333333333332,18.0,20.0,30.0,,22.0,11.0,17.0,19.0,14.0,12.0,13.0,,7.0,15.0,10.0,14.0,11.0,7.0,5.0
2017-09-24,16.0,18.0,19.0,22.0,28.0,19.0,20.333333333333332,18.0,21.0,25.0,,12.0,8.0,11.0,21.0,14.0,11.0,8.0,,8.0,16.0,9.0,11.0,15.0,6.0,5.0
2017-09-25,7.0,11.0,10.0,14.0,19.0,10.0,11.833333333333334,8.0,10.0,22.0,,9.0,9.0,12.0,20.0,16.0,9.0,12.0,,8.0,19.0,8.0,10.0,7.0,5.0,8.0
2017-09-26,4.0,5.0,12.0,13.0,15.0,10.0,9.833333333333334,9.0,10.0,23.0,7.0,5.0,9.0,12.0,17.0,8.0,10.0,11.0,,7.0,21.0,8.0,10.0,10.0,6.0,6.0
2017-09-27,11.0,6.0,17.0,24.0,23.0,14.0,15.833333333333334,15.0,18.0,22.0,8.0,14.0,11.0,14.0,15.0,10.0,9.0,9.0,,5.0,17.0,9.0,10.0,8.0,5.0,9.0
2017-09-28,8.0,9.0,9.0,16.0,19.0,11.0,12.0,12.0,18.0,37.0,8.0,10.0,15.0,14.0,19.0,11.0,12.0,12.0,,9.0,16.0,,12.0,11.0,7.0,8.0
2017-09-29,16.0,17.0,20.0,22.0,26.0,19.0,20.0,21.0,26.0,24.0,8.0,20.0,16.0,21.0,14.0,10.0,5.0,,,3.0,11.0,,14.0,12.0,9.0,4.0
2017-09-30,23.0,22.0,26.8,30.0,34.0,25.0,26.8,29.0,25.0,30.0,12.0,22.0,15.0,19.0,15.0,12.0,8.0,,,,10.0,,13.0,13.0,14.0,6.0
2017-10-01,21.0,32.0,30.0,30.0,36.0,26.0,29.166666666666668,28.0,25.0,29.0,17.0,13.0,10.0,16.0,20.0,14.0,11.0,,,,15.0,,9.0,18.0,22.0,10.0
2017-10-02,16.0,21.0,20.0,23.0,28.0,17.0,20.833333333333332,23.0,25.0,33.0,10.0,21.0,16.0,16.0,20.0,13.0,9.0,,,4.0,14.0,,9.0,16.0,12.0,8.0
2017-10-03,15.0,9.0,17.0,22.0,28.0,18.0,18.166666666666668,24.0,22.0,22.0,11.0,26.0,11.0,,16.0,10.0,,,,7.0,15.0,,12.0,18.0,7.0,10.0
2017-10-04,9.0,14.0,14.0,19.0,24.0,12.0,15.333333333333334,20.0,17.0,22.0,7.0,16.0,8.0,,13.0,7.0,,,,8.0,16.0,4.0,10.0,14.0,5.0,8.0
2017-10-05,10.0,13.0,17.0,19.0,23.0,13.0,15.833333333333334,18.0,15.0,23.0,10.0,9.0,14.0,15.0,11.0,8.0,,,,7.0,17.0,6.0,10.0,9.0,8.0,8.0
2017-10-06,21.0,22.0,26.0,26.0,32.0,25.4,25.400000000000002,26.0,26.0,30.0,10.0,31.0,17.0,21.0,14.0,9.0,,,,7.0,18.0,7.0,10.0,,8.0,8.0
2017-10-07,18.0,26.0,23.0,27.0,33.0,22.0,24.833333333333332,27.0,26.0,33.0,9.0,24.0,20.0,18.0,14.0,10.0,,,,9.0,13.0,7.0,11.0,,8.0,7.0
2017-10-08,17.0,26.0,22.0,28.0,38.0,26.0,26.166666666666668,32.0,26.0,35.0,12.0,32.0,23.0,28.0,12.0,8.0,,,,4.0,12.0,7.0,12.0,,8.0,6.0
2017-10-09,15.0,16.0,14.0,22.0,26.0,20.0,18.833333333333332,24.0,20.0,38.0,15.0,37.0,19.0,24.0,12.0,8.0,,,,5.0,14.0,8.0,11.0,,13.0,5.0
2017-10-10,19.0,26.0,23.0,27.0,31.0,21.0,24.5,30.0,26.0,40.0,,23.0,20.0,25.0,15.0,11.0,8.0,,,,11.0,9.0,,16.0,15.0,8.0
2017-10-11,9.0,17.0,16.0,21.0,23.0,14.0,16.666666666666668,21.0,24.0,41.0,,,11.0,23.0,13.0,8.0,5.0,,,4.0,11.0,7.0,8.0,18.0,10.0,6.0
2017-10-12,23.0,31.0,29.0,34.0,47.0,24.0,31.333333333333332,37.0,27.0,48.0,,,17.0,25.0,14.0,7.0,8.0,,,4.0,11.0,8.0,,13.0,15.0,7.0
2017-10-13,38.0,45.0,42.0,44.0,55.0,34.0,43.0,53.0,41.0,35.0,,,23.0,26.0,14.0,7.0,8.0,,,,10.0,8.0,13.0,15.0,19.0,4.0
2017-10-14,17.0,11.0,15.0,20.0,23.0,16.0,17.0,25.0,27.0,40.0,,,18.0,17.0,16.0,12.0,7.0,,,5.0,12.0,9.0,11.0,18.0,9.0,7.0
2017-10-15,13.0,12.0,15.0,20.0,29.0,11.0,16.666666666666668,20.0,16.0,34.0,,,10.0,8.0,14.0,10.0,7.0,,,9.0,16.0,10.0,6.0,21.0,5.0,9.0
2017-10-16,11.0,6.0,11.0,16.0,24.0,9.0,12.833333333333334,18.0,13.0,21.0,,,9.0,11.0,14.0,6.0,6.0,,,7.0,17.0,10.0,8.0,19.0,4.0,12.0
2017-10-17,13.0,12.0,13.0,21.0,28.0,13.0,16.666666666666668,21.0,18.0,27.0,8.0,,12.0,12.0,15.0,9.0,5.0,,,10.0,21.0,10.0,9.0,15.0,6.0,15.0
2017-10-18,15.0,16.0,20.0,25.0,33.0,16.0,20.833333333333332,30.0,21.0,32.0,13.0,,13.0,16.0,15.0,8.0,6.0,,13.0,10.0,26.0,9.0,6.0,14.0,7.0,14.0
2017-10-19,16.0,12.0,19.0,25.0,28.0,17.0,19.5,30.0,28.0,36.0,9.0,20.0,22.0,,20.0,9.0,8.0,,12.0,10.0,22.0,9.0,10.0,15.0,8.0,14.0
2017-10-20,11.0,12.0,14.0,19.0,22.0,14.0,15.333333333333334,15.0,29.0,43.0,8.0,20.0,29.0,,16.0,12.0,6.0,,18.0,12.0,22.0,9.0,12.0,19.0,8.0,15.0
2017-10-21,25.0,24.0,31.0,32.0,41.0,22.0,29.166666666666668,36.0,33.0,51.0,9.0,19.0,28.0,,16.0,11.0,8.0,,19.0,16.0,21.0,9.0,14.0,24.0,8.0,11.0
2017-10-22,14.0,15.0,20.0,25.0,27.0,16.0,19.5,24.0,22.0,30.0,8.0,18.0,12.0,,19.0,11.0,6.0,,20.0,10.0,20.0,10.0,11.0,16.0,8.0,12.0
2017-10-23,12.0,14.0,14.0,19.0,26.0,12.0,16.166666666666668,18.0,18.0,,12.0,25.0,12.0,,17.0,17.0,6.0,,20.0,12.0,20.0,8.0,11.0,17.0,11.0,14.0
2017-10-24,10.0,11.0,15.0,20.0,26.0,11.0,15.5,24.0,20.0,,19.0,32.0,13.0,17.0,17.0,17.0,12.0,,23.0,7.0,21.0,10.0,13.0,17.0,17.0,12.0
2017-10-25,18.0,21.0,25.0,27.0,22.2,20.0,22.2,27.0,27.0,,14.0,41.0,19.0,,20.0,12.0,12.0,,29.0,,19.0,16.0,22.0,24.0,17.0,9.0
2017-10-26,27.0,40.0,36.0,35.0,32.4,24.0,32.4,41.0,35.0,,22.0,45.0,27.0,22.0,21.0,12.0,18.0,,24.0,7.0,17.0,13.0,20.0,23.0,28.0,7.0
2017-10-27,32.0,39.0,36.0,45.0,35.2,24.0,35.199999999999996,47.0,31.0,,26.0,51.0,26.0,26.0,19.0,11.0,14.0,,25.0,6.0,20.0,,21.0,30.0,29.0,9.0
2017-10-28,32.0,33.0,38.0,37.0,53.0,26.0,36.5,41.0,37.0,,35.0,69.0,30.0,36.0,20.0,13.0,16.0,,35.0,,16.0,,21.0,43.0,37.0,7.0
2017-10-29,42.0,42.0,51.0,49.0,61.0,34.0,46.5,54.0,49.0,,55.0,70.0,33.0,47.0,22.0,17.0,21.0,11.0,40.0,4.0,15.0,,28.0,45.0,48.0,9.0
2017-10-30,40.0,43.0,51.0,46.0,43.2,36.0,43.199999999999996,52.0,48.0,,57.0,63.0,32.0,46.0,37.0,22.0,29.0,14.0,38.0,7.0,17.0,,38.0,48.0,49.0,14.0
2017-10-31,33.0,37.0,45.0,42.0,38.0,33.0,38.0,46.0,40.0,,44.0,58.0,27.0,41.0,38.0,24.0,29.0,23.0,39.0,15.0,30.0,31.0,45.0,39.0,42.0,25.0
2017-11-01,35.0,37.0,47.0,43.0,58.0,32.0,42.0,46.0,37.0,,43.0,59.0,25.0,35.0,35.0,27.0,29.0,20.0,41.0,14.0,28.0,28.0,38.0,33.0,45.0,22.0
2017-11-02,33.0,39.0,44.0,43.0,38.0,31.0,38.0,47.0,39.0,,42.0,63.0,18.0,35.0,32.0,22.0,25.0,,34.0,,19.0,23.0,36.0,32.0,39.0,9.0
2017-11-03,32.0,36.0,43.0,40.0,36.6,32.0,36.6,46.0,41.0,,47.0,65.0,22.0,40.0,31.0,23.0,25.0,7.0,42.0,,11.0,31.0,35.0,43.0,38.0,7.0
2017-11-04,44.0,45.0,57.0,51.0,47.2,39.0,47.199999999999996,59.0,51.0,,50.0,,30.0,47.0,44.0,33.0,33.0,7.0,35.0,,7.0,37.0,,47.0,47.0,5.0
2017-11-05,24.0,23.0,35.0,33.0,28.0,25.0,28.0,35.0,32.0,,35.0,,17.0,25.0,39.0,25.0,31.0,15.0,33.0,3.0,12.0,32.0,,26.0,35.0,19.0
2017-11-06,38.0,38.0,49.0,48.0,41.0,32.0,41.0,51.0,41.0,,33.0,,18.0,38.0,36.0,26.0,30.0,,32.0,6.0,14.0,27.0,33.0,39.0,27.0,13.0
2017-11-07,28.0,32.25,38.0,38.0,32.25,25.0,32.25,41.0,37.0,,31.0,,29.0,42.0,31.0,20.0,22.0,,27.0,5.0,19.0,22.0,18.0,38.0,26.0,14.0
2017-11-08,25.0,33.0,37.0,36.0,42.0,25.0,33.0,35.0,27.0,,38.0,,21.0,28.0,21.0,16.0,16.0,,19.0,,13.0,15.0,20.0,24.0,29.0,10.0
2017-11-09,18.0,25.6,26.0,29.0,36.0,19.0,25.599999999999998,26.0,29.0,,30.0,,20.0,20.0,20.0,12.0,15.0,,17.0,,12.0,11.0,17.0,20.0,22.0,7.0
2017-11-10,18.0,23.6,24.0,28.0,30.0,18.0,23.599999999999998,25.0,26.0,,23.0,,16.0,22.0,17.0,12.0,10.0,,13.0,,14.0,10.0,18.0,15.0,21.0,6.0
2017-11-11,12.0,18.6,20.0,21.0,26.0,14.0,18.599999999999998,22.0,25.0,,22.0,,,21.0,19.0,10.0,12.0,,17.0,4.0,12.0,,17.0,18.0,19.0,8.0
2017-11-12,18.0,23.4,24.0,26.0,32.0,17.0,23.400000000000002,28.0,28.0,,18.0,,,29.0,18.0,10.0,12.0,,18.0,,10.0,,22.0,22.0,19.0,5.0
2017-11-13,24.0,29.2,33.0,33.0,36.0,20.0,29.2,33.0,38.0,,15.0,,,24.0,21.0,16.0,16.0,,24.0,,13.0,11.0,21.0,25.0,15.0,8.0
2017-11-14,29.0,34.6,34.0,39.0,48.0,23.0,34.6,39.0,35.0,,,,,38.0,23.0,18.0,14.0,,23.0,5.0,13.0,12.0,26.0,23.0,27.0,6.0
2017-11-15,24.0,31.4,31.0,38.0,43.0,21.0,31.400000000000002,43.0,38.0,,,,,40.0,23.0,18.0,15.0,,19.0,,12.0,14.0,24.0,24.0,29.0,4.0
2017-11-16,18.0,21.0,21.0,24.0,27.0,15.0,21.0,23.0,25.0,,,,25.0,31.0,24.0,18.0,19.0,,12.0,5.0,17.0,11.0,22.0,20.0,21.0,8.0
2017-11-17,25.0,29.2,30.0,32.0,40.0,19.0,29.2,34.0,37.0,53.0,22.0,,45.0,37.0,26.0,18.0,13.0,,17.0,6.0,18.0,10.0,16.0,24.0,22.0,9.0
2017-11-18,42.0,42.6,45.0,45.0,56.0,25.0,42.6,54.0,43.0,54.0,21.0,40.0,37.0,40.0,19.0,17.0,14.0,,17.0,11.0,16.0,10.0,21.0,50.0,22.0,11.0
2017-11-19,28.0,34.2,36.0,37.0,45.0,25.0,34.199999999999996,37.0,37.0,52.0,17.0,30.0,27.0,38.0,22.0,18.0,16.0,,13.0,8.0,18.0,13.0,20.0,39.0,15.0,9.0
2017-11-20,14.0,20.0,19.0,23.0,28.0,16.0,20.0,24.0,19.0,37.0,11.0,27.0,15.0,12.0,24.0,24.0,15.0,,11.0,7.0,16.0,15.0,16.0,11.0,13.0,12.0
2017-11-21,11.0,16.8,17.0,19.0,24.0,13.0,16.8,17.0,19.0,,10.0,,13.0,,23.0,23.0,14.0,,10.0,6.0,,9.0,14.0,12.0,13.0,7.0
2017-11-22,19.0,23.6,22.0,27.0,34.0,16.0,23.599999999999998,26.0,25.0,24.0,15.0,,14.0,20.0,20.0,20.0,11.0,,11.0,5.0,,,24.0,17.0,16.0,8.0
2017-11-23,10.0,15.0,17.0,17.0,23.0,12.0,15.666666666666666,19.0,19.0,20.0,21.0,,11.0,14.0,23.0,18.0,14.0,,9.0,,13.0,10.0,22.0,13.0,19.0,5.0
2017-11-24,10.0,20.0,18.0,20.0,26.0,13.0,17.833333333333332,17.0,16.0,15.0,21.0,,8.0,14.0,25.0,17.0,11.0,,,,14.0,11.0,20.0,15.0,21.0,7.0
2017-11-25,20.0,23.0,29.0,29.0,35.0,20.0,26.0,30.0,21.0,31.0,23.0,,10.0,20.0,24.0,14.0,,,,,14.0,14.0,19.0,18.0,21.0,6.0
2017-11-26,21.0,23.0,29.0,31.0,35.0,21.0,26.666666666666668,30.0,26.0,26.0,23.0,,11.0,21.0,21.0,12.0,,,,,8.0,,21.0,19.0,22.0,5.0
2017-11-27,17.0,23.0,26.0,28.0,35.0,25.8,25.8,25.0,27.0,26.0,21.0,,13.0,22.0,25.0,17.0,,,,,13.0,,22.0,22.0,27.0,7.0
2017-11-28,23.0,24.0,34.0,33.0,42.0,31.2,31.2,31.0,38.0,28.0,24.0,,19.0,29.0,32.0,23.0,,,18.0,,10.0,,21.0,25.0,25.0,5.0
2017-11-29,22.0,25.0,24.0,27.0,41.0,29.0,28.0,26.0,29.0,23.0,22.0,,19.0,30.0,27.0,15.0,,,20.0,,9.0,12.0,21.0,20.0,23.0,4.0
2017-11-30,29.8,23.0,27.0,30.0,40.0,29.0,29.8,25.0,27.0,24.0,21.0,,18.0,24.0,25.0,17.0,,,18.0,4.0,11.0,11.0,21.0,16.0,26.0,3.0
2017-12-01,32.8,28.0,34.0,30.0,42.0,30.0,32.800000000000004,32.0,28.0,27.0,24.0,,19.0,26.0,24.0,15.0,,9.0,18.0,,13.0,,25.0,16.0,24.0,8.0
2017-12-02,31.0,24.0,31.0,31.0,42.0,27.0,31.0,35.0,31.0,24.0,,,12.0,23.0,26.0,13.0,,10.0,16.0,,11.0,13.0,20.0,12.0,25.0,7.0
2017-12-03,26.6,27.0,25.0,26.0,35.0,20.0,26.599999999999998,30.0,20.0,31.0,,,12.0,,26.0,15.0,,8.0,20.0,,10.0,,25.0,9.0,25.0,5.0
2017-12-04,24.2,19.0,22.0,27.0,35.0,18.0,24.2,28.0,22.0,29.0,25.0,,11.0,,27.0,27.0,,,18.0,6.0,14.0,15.0,30.0,13.0,24.0,6.0
2017-12-05,11.0,19.0,24.0,20.0,32.0,17.0,20.5,26.0,22.0,21.0,,,10.0,,29.0,29.0,,,19.0,,13.0,17.0,27.0,14.0,23.0,5.0
2017-12-06,20.0,28.0,31.0,33.0,47.0,22.0,30.166666666666668,36.0,27.0,32.0,,,18.0,29.0,33.0,23.0,,,23.0,,11.0,,34.0,17.0,31.0,7.0
2017-12-07,23.0,36.0,34.0,35.0,53.0,24.0,34.166666666666664,37.0,34.0,44.0,,,23.0,27.0,37.0,28.0,,,32.0,7.0,15.0,,36.0,31.0,36.0,8.0
2017-12-08,26.0,29.0,39.0,38.0,50.0,28.0,35.0,46.0,36.0,52.0,44.0,,30.0,28.0,39.0,29.0,,12.0,21.0,8.0,17.0,22.0,37.0,18.0,35.0,10.0
2017-12-09,17.0,23.0,28.0,25.0,37.0,21.0,25.166666666666668,31.0,30.0,41.0,40.0,,16.0,25.0,41.0,41.0,,11.0,31.0,8.0,17.0,22.0,40.0,27.0,34.0,10.0
2017-12-10,39.0,38.0,54.0,50.0,60.0,40.0,46.833333333333336,58.0,48.0,53.0,47.0,,28.0,44.0,36.0,36.0,,15.0,36.0,15.0,21.0,21.0,35.0,44.0,43.0,13.0
2017-12-11,50.0,61.0,68.0,69.0,88.0,48.0,64.0,81.0,58.0,68.0,49.0,,35.0,56.0,26.0,26.0,,22.0,41.0,13.0,26.0,23.0,39.0,35.0,42.0,20.0
2017-12-12,25.0,34.0,42.0,38.0,44.0,29.0,35.333333333333336,47.0,38.0,66.0,40.0,,31.0,44.0,30.0,14.0,,26.0,33.0,21.0,27.0,24.0,27.0,52.0,38.0,20.0
2017-12-13,16.0,26.0,33.0,32.0,33.0,24.0,27.333333333333332,38.0,29.0,42.0,25.0,27.0,21.0,33.0,26.0,15.0,22.0,19.0,46.0,18.0,28.0,23.0,,40.0,25.0,19.0
2017-12-14,20.0,26.0,34.0,34.0,36.0,24.0,29.0,44.0,27.0,48.0,21.0,28.0,18.0,29.0,22.0,13.0,20.0,22.0,42.0,16.0,24.0,,25.0,37.0,26.0,18.0
2017-12-15,28.0,40.0,46.0,42.0,44.0,31.0,38.5,52.0,42.0,69.0,33.0,53.0,25.0,34.0,30.0,15.0,24.0,28.0,31.0,17.0,25.0,16.0,28.0,44.0,33.0,21.0
2017-12-16,25.0,28.0,38.0,38.0,42.0,27.0,33.0,48.0,35.0,32.0,43.0,59.0,22.0,25.0,29.0,19.0,27.0,23.0,12.0,14.0,24.0,17.0,32.0,24.0,39.0,15.0
2017-12-17,9.0,18.0,17.0,15.0,20.0,12.0,15.166666666666666,22.0,20.0,16.0,29.0,24.0,11.0,19.0,33.0,23.0,23.0,12.0,18.0,11.0,21.0,11.0,29.0,20.0,26.0,12.0
2017-12-18,29.0,29.0,39.0,33.0,38.0,24.0,32.0,40.0,36.0,36.0,41.0,48.0,20.0,37.0,30.0,20.0,20.0,7.0,32.0,8.0,17.0,19.0,31.0,38.0,40.0,10.0
2017-12-19,38.0,30.0,54.0,42.0,48.0,35.0,41.166666666666664,51.0,38.0,41.0,51.0,57.0,22.0,40.0,35.0,22.0,28.0,14.0,50.0,9.0,23.0,30.0,41.0,38.0,,13.0
2017-12-20,41.0,39.0,59.0,51.0,55.0,39.0,47.333333333333336,54.0,42.0,43.0,66.0,72.0,22.0,42.0,38.0,25.0,37.0,21.0,43.0,14.0,30.0,34.0,39.0,43.0,49.0,18.0
2017-12-21,47.0,55.0,59.0,53.0,57.0,35.0,51.0,58.0,55.0,47.0,64.0,70.0,21.0,41.0,39.0,27.0,35.0,20.0,46.0,13.0,27.0,40.0,49.0,37.0,49.0,20.0
2017-12-22,50.0,58.0,64.0,58.0,69.0,36.0,55.833333333333336,61.0,66.0,50.0,53.0,74.0,34.0,63.0,39.0,26.0,40.0,19.0,42.0,7.0,22.0,30.0,52.0,55.0,56.0,22.0
2017-12-23,54.0,61.0,68.0,62.0,75.0,38.0,59.666666666666664,70.0,77.0,64.0,58.0,96.0,52.0,78.0,40.0,34.0,41.0,15.0,34.0,,14.0,,60.0,55.0,57.0,21.0
2017-12-24,44.0,51.0,62.0,59.0,67.0,36.0,53.166666666666664,65.0,62.0,44.0,44.0,78.0,37.0,63.0,34.0,24.0,34.0,10.0,25.0,11.0,17.0,18.0,40.0,31.0,44.0,10.0
2017-12-25,20.0,25.0,30.0,30.0,39.0,21.0,27.5,37.0,35.0,29.0,47.0,46.0,14.0,30.0,29.0,20.0,24.0,12.0,35.0,12.0,23.0,30.0,45.0,37.0,35.0,13.0
2017-12-26,51.0,55.6,62.0,60.0,70.0,35.0,55.6,72.0,57.0,51.0,55.0,73.0,40.0,49.0,43.0,32.0,38.0,13.0,50.0,6.0,17.0,42.0,44.0,52.0,56.0,18.0
2017-12-27,38.0,41.2,46.0,45.0,52.0,25.0,41.199999999999996,56.0,48.0,32.0,23.0,45.0,32.0,,35.0,26.0,21.0,9.0,29.0,10.0,16.0,29.0,21.0,27.0,15.0,19.0
2017-12-28,18.0,21.0,26.0,29.0,37.0,18.0,24.833333333333332,30.0,30.0,17.0,11.0,28.0,30.0,34.0,16.0,10.0,6.0,8.0,18.0,7.0,17.0,,9.0,23.0,8.0,10.0
2017-12-29,14.0,15.0,20.0,24.0,31.0,15.0,19.833333333333332,24.0,23.0,19.0,12.0,24.0,24.0,29.0,19.0,15.0,11.0,9.0,17.0,11.0,15.0,11.0,10.0,25.0,15.0,9.0
2017-12-30,14.0,22.0,22.0,24.0,31.0,16.0,21.5,26.0,24.0,16.0,14.0,29.0,21.0,20.0,20.0,17.0,12.0,9.0,11.0,12.0,17.0,12.0,14.0,25.0,20.0,8.0
2017-12-31,15.0,18.0,24.0,23.0,28.0,14.0,20.333333333333332,26.0,24.0,12.0,16.0,34.0,15.0,,21.0,14.0,12.0,10.0,11.0,15.0,18.0,12.0,15.0,15.0,19.0,9.0
