Date,05T,10T,11T,59T,61T,03T,50T,52T,53T,54T,08T,17T,18T,19T,14T,27T,20T,21T,24T,25T,26T,79T,46T,72T,29T,30T,31T,32T,33T,34T,71T,77T,35T,36T,37T,38T,39T,40T,41T,57T,73T,58T,67T,75T,68T,69T,70T,76T,42T,44T,62T,63T,80T
2018_01_01,17.0,,,21.0,30.0,,27.0,31.0,15,,31.0,,,25.0,,35.0,,,17.0,,23.0,26.0,16.0,,,16.0,,21.0,,,,24.0,27.0,20.0,,,,16.0,,,,,,10.0,,,,25.0,,10.0,11.0,18,10.0
2018_01_02,25.0,,,26.0,33.0,,30.0,37.0,17,,33.0,,,33.0,,45.0,,,21.0,,35.0,31.0,20.0,,,20.0,,27.0,,,,29.0,28.0,,,,,17.0,,,,,,15.0,,,,28.0,,15.0,13.0,19,13.0
2018_01_03,34.0,,,38.0,42.0,,40.0,50.0,22,,40.0,,,38.0,,60.0,,,35.0,,42.0,36.0,23.0,,,29.0,,34.0,,,,32.0,28.0,16.0,,,,19.0,,,,,,18.0,,,,29.0,,10.0,16.0,18,11.0
2018_01_04,41.0,,,39.0,45.0,,45.0,53.0,24,,51.0,,,55.0,,79.0,,,36.0,,49.0,44.0,20.0,,,37.0,,45.0,,,,44.0,30.0,21.0,,,,20.0,,,,,,20.0,,,,32.0,,11.0,11.0,20,12.0
2018_01_05,42.0,,,51.0,53.0,,51.0,58.0,27,,59.0,,,56.0,,72.0,,,47.0,,48.0,47.0,36.0,,,55.0,,64.0,,,,49.0,23.0,22.0,,,,20.0,,,,,,20.0,,,,37.0,,14.0,17.0,22,12.0
2018_01_06,46.0,,,42.0,38.0,,48.0,52.0,25,,54.0,,,60.0,,49.0,,,61.0,,52.0,58.0,35.0,,,46.0,,68.0,,,,49.0,30.0,39.0,,,,22.0,,,,,,18.0,,,,40.0,,13.0,13.0,20,14.0
2018_01_07,8.0,,,26.0,42.0,,19.0,20.0,10,,15.0,,,18.0,,18.0,,,41.0,,16.0,37.0,31.0,,,17.0,,42.0,,,,24.0,31.0,40.0,,,,29.0,,,,,,22.0,,,,34.0,,10.0,9.0,15,12.0
2018_01_08,8.0,,,10.0,43.0,,16.0,16.0,10,,15.0,,,21.0,,10.0,,,34.0,,12.0,22.0,35.0,,,16.0,,27.0,,,,30.0,26.0,35.0,,,,45.0,,,,,,28.0,,,,32.0,,13.0,6.0,15,8.0
2018_01_09,8.0,,,22.0,14.0,,22.0,21.0,14,,19.0,,,17.0,,12.0,,,46.0,,22.0,35.0,30.0,,,23.0,,20.0,,,,40.0,24.0,24.0,,,,26.0,,,,,,20.0,,,,30.0,,9.0,6.0,19,9.0
2018_01_10,10.0,,,10.0,9.0,,17.0,21.0,8,,21.0,,,20.0,,26.0,,,29.0,,26.0,31.0,15.0,,,18.0,,,,,,34.0,22.0,23.0,,,,29.0,,,,,,19.0,,,,25.0,,8.0,10.0,18,8.0
2018_01_11,22.0,,,25.0,29.0,,35.0,44.0,18,,35.0,,,30.0,,50.0,,,33.0,,35.0,26.0,27.0,,,16.0,,25.0,,,,31.0,37.0,30.0,,,,28.0,,,,,,11.0,,,,27.0,,6.0,8.0,15,8.0
2018_01_12,26.0,,,34.0,33.0,,37.0,50.0,16,,39.0,,,31.0,,58.0,,,27.0,,50.0,32.0,27.0,,,18.0,,26.0,,,,28.0,21.0,12.0,,,,11.0,,,,,,18.0,,,,31.0,,12.0,,16,8.0
2018_01_13,34.0,,,36.0,46.0,,44.0,58.0,19,,50.0,,,41.0,,65.0,,,33.0,,51.0,41.0,31.0,,,27.0,,35.0,,,,47.0,25.0,15.0,,,,21.0,,,,,,23.0,,,,27.0,,19.0,12.0,21,14.0
2018_01_14,41.0,,,38.0,48.0,,45.0,62.0,20,,52.0,,,56.0,,61.0,,,42.0,,51.0,45.0,24.0,,,35.0,,43.0,,,,37.0,33.0,25.0,,,,27.0,,,,,,23.0,,,,35.0,,17.0,13.0,25,19.0
2018_01_15,43.0,,,52.0,54.0,,55.0,72.0,25,,63.0,,,50.0,,80.0,,,43.0,,46.0,45.0,30.0,,,35.0,,40.0,,,,35.0,36.0,34.0,,,,26.0,,,,,,26.0,,,,54.0,,15.0,17.0,25,17.0
2018_01_16,58.0,,,55.0,64.0,,67.0,77.0,31,,76.0,,,70.0,,93.0,,,60.0,,61.0,51.0,42.0,,,35.0,,57.0,,,,58.0,40.0,36.0,,,,32.0,,,,,,24.0,,,,53.0,,13.0,17.0,22,14.0
2018_01_17,99.0,,,69.0,81.0,,87.0,99.0,40,,106.0,,,105.0,,114.0,,,80.0,,73.0,60.0,47.0,,,64.0,,96.0,,,,61.0,40.0,33.0,,,,27.0,,,,,,23.0,,,,47.0,,14.0,13.0,24,12.0
2018_01_18,50.0,,,54.0,61.0,,59.0,73.0,30,,63.0,,,70.0,,105.0,,,69.0,,73.0,61.0,35.0,,,75.0,,67.0,,,,49.0,35.0,29.0,,,,34.0,,,,,,24.0,,,,45.0,,16.0,16.0,25,20.0
2018_01_19,53.0,,,57.0,58.0,,59.0,76.0,31,,70.0,,,60.0,,105.0,,,64.0,,69.0,57.0,33.0,,,49.0,,41.0,,,,45.0,33.0,27.0,,,,32.0,,,,,,22.0,,,,46.0,,13.0,16.0,19,18.0
2018_01_20,42.0,,,45.0,55.0,,51.0,65.0,26,,56.0,,,56.0,,83.0,,,53.0,,67.0,58.0,31.0,,,37.0,,46.0,,,,41.0,37.0,32.0,,,,32.0,,,,,,17.0,,,,62.0,,12.0,6.0,14,10.0
2018_01_21,63.0,,,62.0,69.0,,72.0,87.0,33,,82.0,,,79.0,,108.0,,,66.0,,66.0,57.0,39.0,,,61.0,,78.0,,,,48.0,41.0,34.0,,,,34.0,,,,,,25.0,,,,57.0,,10.0,15.0,18,9.0
2018_01_22,66.0,,,97.0,75.0,,77.0,105.0,38,,92.0,,,74.0,,111.0,,,69.0,,65.0,66.0,30.0,,,52.0,,83.0,,,,47.0,33.0,23.0,,,,30.0,,,,,,25.0,,,,56.0,,9.0,8.0,16,9.0
2018_01_23,49.0,,,66.0,55.0,,61.0,78.0,30,,65.0,,,51.0,,81.0,,,62.0,,37.0,66.0,35.0,,,30.0,,58.0,,,,46.0,32.0,26.0,,,,33.0,,,,,,19.0,,,,55.0,,10.0,9.0,16,11.0
2018_01_24,44.0,,,34.0,58.0,,61.0,72.0,47,,60.0,,,65.0,,74.0,,,69.0,,64.0,79.0,38.0,,,30.0,,52.0,,,,49.0,24.0,18.0,,,,32.0,,,,,,20.0,,,,48.0,,9.0,14.0,18,9.0
2018_01_25,19.0,,,45.0,27.0,,34.0,35.0,35,,31.0,,,32.0,,25.0,,,66.0,,53.0,73.0,47.0,,,12.0,,35.0,,,,52.0,27.0,19.0,,,,34.0,,,,,,22.0,,,,52.0,,11.0,14.0,19,9.0
2018_01_26,9.0,,,17.0,16.0,,22.0,24.0,22,,18.0,,,18.0,,13.0,,,60.0,,22.0,39.0,39.0,,,13.0,,24.0,,,,39.0,26.0,19.0,,,,53.0,,,,,,29.0,,,,44.0,,11.0,18.0,21,11.0
2018_01_27,8.0,,,17.0,12.0,,19.0,21.0,20,,18.0,,,23.0,,12.0,,,35.0,,17.0,26.0,25.0,,,11.0,,24.0,,,,33.0,30.0,26.0,,,,38.0,,,,,,30.0,,,,41.0,,8.0,13.0,21,11.0
2018_01_28,7.0,,,13.0,13.0,,19.0,23.0,18,,18.0,,,17.0,,12.0,,,39.0,,20.0,28.0,35.0,,,10.0,,23.0,,,,32.0,29.0,24.0,,,,38.0,,,,,,19.0,,,,49.0,,11.0,16.0,21,9.0
2018_01_29,7.0,,,19.0,14.0,,20.0,24.0,19,,22.0,,,19.0,,14.0,,,42.0,,22.0,27.0,50.0,,,11.0,,23.0,,,,33.0,32.0,25.0,,,,24.0,,,,,,16.0,,,,46.0,,11.0,16.0,20,12.0
2018_01_30,8.0,,,16.0,16.0,,21.0,24.0,19,,19.0,,,21.0,,14.0,,,48.0,,21.0,27.0,25.0,,,10.0,,23.0,,,,30.0,29.0,21.0,,,,25.0,,,,,,16.0,,,,47.0,,11.0,19.0,19,13.0
2018_01_31,10.0,,,46.0,19.0,,21.0,24.0,22,,23.0,,,22.0,,13.0,,,44.0,,20.0,25.0,33.0,,,10.0,,21.0,,,,28.0,32.0,30.0,,,,38.0,,,,,,21.0,,,,60.0,,7.0,18.0,18,13.0
2018_02_01,23.0,,,40.0,33.0,,35.0,43.0,30,,36.0,,,36.0,,23.0,,,34.0,,17.0,27.0,39.0,,,16.0,,31.0,,,,33.0,35.0,26.0,,,,36.0,,,,,,16.0,,,,59.0,,7.0,14.0,19,10.0
2018_02_02,41.0,,,48.0,54.0,,51.0,60.0,47,,56.0,,,51.0,,59.0,,,53.0,,49.0,42.0,47.0,,,18.0,,37.0,,,,50.0,36.0,32.0,,,,41.0,,,,,,22.0,,,,62.0,,10.0,17.0,19,11.0
2018_02_03,23.0,,,16.0,53.0,,52.0,64.0,51,,61.0,,,52.0,,69.0,,,42.0,,50.0,43.0,,,,33.0,,45.0,,,,46.0,57.0,50.0,,,,52.0,,,,,,32.0,,,,69.0,,11.0,17.0,21,11.0
2018_02_04,43.0,,,28.0,65.0,,59.0,74.0,59,,71.0,,,60.0,,84.0,,,47.0,,72.0,59.0,39.0,,,45.0,,56.0,,,,57.0,59.0,51.0,,,,57.0,,,,,,35.0,,,,73.0,,12.0,19.0,22,15.0
2018_02_05,56.0,,,45.0,67.0,,62.0,79.0,59,,75.0,,,65.0,,104.0,,,48.0,,88.0,66.0,53.0,,,50.0,,61.0,,,,62.0,64.0,54.0,,,,60.0,,,,,,39.0,,,,80.0,,13.0,20.0,22,16.0
2018_02_06,70.0,,,52.0,58.0,,51.0,61.0,51,,66.0,,,59.0,,90.0,,,57.0,,88.0,69.0,52.0,,,47.0,,54.0,,,,59.0,74.0,65.0,,,,66.0,,,,,,41.0,,,,74.0,,16.0,23.0,25,18.0
2018_02_07,51.0,,,42.0,90.0,,86.0,95.0,79,,96.0,,,86.0,,115.0,,,81.0,,89.0,85.0,65.0,,,47.0,,73.0,,,,78.0,63.0,57.0,,,,64.0,,,,,,44.0,,,,49.0,,17.0,23.0,30,19.0
2018_02_08,62.0,,,31.0,90.0,,76.0,80.0,81,,83.0,,,82.0,,61.0,,,94.0,,69.0,81.0,76.0,,,49.0,,72.0,,,,82.0,58.0,51.0,,,,67.0,,,,,,46.0,,,,55.0,,23.0,29.0,33,20.0
2018_02_09,47.0,,,41.0,50.0,,48.0,55.0,50,,49.0,,,49.0,,39.0,,,70.0,,53.0,60.0,82.0,,,38.0,,58.0,,,,82.0,53.0,47.0,,,,75.0,,,,,,51.0,,,,53.0,,31.0,42.0,45,34.0
2018_02_10,50.0,,,43.0,48.0,,43.0,50.0,47,,45.0,,,45.0,,36.0,,,65.0,,42.0,50.0,92.0,,,32.0,,48.0,,,,77.0,48.0,39.0,,,,59.0,,,,,,41.0,,,,63.0,,25.0,33.0,42,28.0
2018_02_11,54.0,,,42.0,48.0,,44.0,53.0,48,,45.0,,,43.0,,38.0,,,87.0,,55.0,68.0,61.0,,,28.0,,46.0,,,,76.0,47.0,42.0,,,,54.0,,,,,,34.0,,,,60.0,,30.0,38.0,43,33.0
2018_02_12,45.0,,,38.0,56.0,,55.0,64.0,52,,62.0,,,57.0,,51.0,,,51.0,,61.0,75.0,26.0,,,28.0,,53.0,,,,67.0,59.0,54.0,,,,62.0,,,,,,38.0,,,,69.0,,19.0,27.0,31,26.0
2018_02_13,56.0,,,48.0,52.0,,46.0,60.0,48,,60.0,,,53.0,,67.0,,,42.0,,71.0,57.0,31.0,,,37.0,,46.0,,,,41.0,70.0,65.0,,,,45.0,,,,,,30.0,,,,61.0,,13.0,21.0,22,12.0
2018_02_14,73.0,,,59.0,74.0,,72.0,94.0,70,,80.0,,,64.0,,99.0,,,65.0,,68.0,64.0,53.0,,,38.0,,56.0,,,,61.0,67.0,64.0,,,,49.0,,,,,,35.0,,,,66.0,,16.0,17.0,23,17.0
2018_02_15,57.0,,,53.0,59.0,,60.0,68.0,60,,62.0,,,57.0,,64.0,,,80.0,,64.0,75.0,70.0,,,38.0,,61.0,,,,72.0,54.0,49.0,,,,57.0,,,,,,38.0,,,,72.0,,19.0,20.0,25,20.0
2018_02_16,47.0,,,51.0,45.0,,48.0,54.0,49,,44.0,,,44.0,,46.0,,,76.0,,54.0,56.0,75.0,,,27.0,,50.0,,,,71.0,37.0,34.0,,,,44.0,,,,,,25.0,,,,63.0,,25.0,24.0,29,28.0
2018_02_17,44.0,,,47.0,43.0,,47.0,51.0,45,,43.0,,,49.0,,43.0,,,68.0,,49.0,54.0,70.0,,,25.0,,50.0,,,,65.0,41.0,37.0,,,,43.0,,,,,,24.0,,,,62.0,,29.0,27.0,33,31.0
2018_02_18,39.0,,,51.0,37.0,,41.0,47.0,39,,40.0,,,43.0,,37.0,,,51.0,,41.0,50.0,77.0,,,27.0,,46.0,,,,55.0,46.0,39.0,,,,56.0,,,,,,34.0,,,,83.0,,27.0,33.0,39,33.0
2018_02_19,32.0,,,70.0,32.0,,35.0,43.0,36,,35.0,,,33.0,,28.0,,,55.0,,43.0,59.0,65.0,,,23.0,,37.0,,,,58.0,53.0,57.0,,,,74.0,,,,,,44.0,,,,94.0,,9.0,23.0,27,14.0
2018_02_20,12.0,,,54.0,11.0,,17.0,20.0,15,,48.0,,,15.0,,11.0,,,42.0,,15.0,29.0,58.0,,,15.0,,22.0,,,,40.0,55.0,59.0,,,,71.0,,,,,,46.0,,,,79.0,,7.0,17.0,18,10.0
2018_02_21,17.0,,,37.0,18.0,,21.0,26.0,20,,19.0,,,18.0,,16.0,,,29.0,,13.0,28.0,49.0,,,12.0,,24.0,,,,33.0,55.0,61.0,,,,41.0,,,,,,46.0,,,,65.0,,8.0,18.0,20,11.0
2018_02_22,23.0,,,22.0,22.0,,27.0,33.0,26,,23.0,,,26.0,,17.0,,,32.0,,28.0,36.0,23.0,,,11.0,,28.0,,,,35.0,45.0,43.0,,,,37.0,,,,,,35.0,,,,47.0,,8.0,15.0,22,12.0
2018_02_23,31.0,,,16.0,29.0,,33.0,38.0,29,,30.0,,,35.0,,18.0,,,30.0,,20.0,32.0,19.0,,,11.0,,31.0,,,,32.0,41.0,39.0,,,,22.0,,,,,,11.0,,,,35.0,,7.0,15.0,17,9.0
2018_02_24,40.0,,,15.0,40.0,,41.0,48.0,41,,37.0,,,40.0,,29.0,,,45.0,,26.0,35.0,27.0,,,16.0,,46.0,,,,50.0,47.0,39.0,,,,23.0,,,,,,11.0,,,,24.0,,9.0,13.0,14,9.0
2018_02_25,35.0,,,17.0,37.0,,36.0,48.0,41,,32.0,,,35.0,,21.0,,,46.0,,41.0,53.0,38.0,,,21.0,,36.0,,,,48.0,42.0,37.0,,,,34.0,,,,,,17.0,,,,28.0,,12.0,17.0,22,14.0
2018_02_26,40.0,,,24.0,38.0,,44.0,55.0,40,,41.0,,,39.0,,37.0,,,43.0,,40.0,40.0,25.0,,,17.0,,35.0,,,,44.0,54.0,49.0,,,,33.0,,,,,,21.0,,,,29.0,,11.0,19.0,23,14.0
2018_02_27,31.0,,,32.0,29.0,,33.0,32.0,35,,30.0,,,33.0,,25.0,,,39.0,,28.0,32.0,26.0,,,15.0,,25.0,,,,39.0,53.0,43.0,,,,31.0,,,,,,22.0,,,,34.0,,10.0,19.0,21,12.0
2018_02_28,38.0,,,56.0,39.0,,42.0,38.0,40,,37.0,,,37.0,,38.0,,,46.0,,24.0,26.0,41.0,,,17.0,,30.0,,,,40.0,75.0,75.0,,,,36.0,,,,,,29.0,,,,54.0,,9.0,,19,12.0
2018_03_01,24.0,,,50.0,26.0,,28.0,27.0,29,,23.0,,,25.0,,22.0,,,42.0,,29.0,28.0,60.0,,,16.0,,30.0,,,,50.0,79.0,82.0,,,,50.0,,,,,,35.0,,,,54.0,,12.0,13.0,22,16.0
2018_03_02,24.0,,,55.0,21.0,,27.0,27.0,25,,17.0,,,29.0,,21.0,,,41.0,,29.0,26.0,59.0,,,14.0,,27.0,,,,39.0,72.0,74.0,,,,54.0,,,,,,41.0,,,,63.0,,9.0,16.0,16,12.0
2018_03_03,15.0,,,63.0,13.0,,19.0,19.0,17,,68.0,,,20.0,,12.0,,,34.0,,22.0,36.0,52.0,,,9.0,,15.0,,,,25.0,57.0,58.0,,,,48.0,,,,,,32.0,,,,59.0,,9.0,12.0,17,10.0
2018_03_04,12.0,,,48.0,11.0,,19.0,18.0,16,,41.0,,,15.0,,11.0,,,32.0,,21.0,39.0,48.0,,,6.0,,12.0,,,,21.0,59.0,48.0,,,,67.0,,,,,,34.0,,,,69.0,,7.0,12.0,17,12.0
2018_03_05,11.0,,,36.0,10.0,,18.0,14.0,17,,33.0,,,18.0,,9.0,,,46.0,,23.0,46.0,50.0,,,10.0,,16.0,,,,28.0,67.0,66.0,,,,117.0,,,,,,50.0,,,,100.0,,7.0,15.0,19,9.0
2018_03_06,14.0,,,34.0,12.0,,20.0,17.0,17,,29.0,,,23.0,,23.0,,,37.0,,17.0,35.0,69.0,,,10.0,,19.0,,,,21.0,94.0,86.0,,,,81.0,,,,,,46.0,,,,107.0,,6.0,13.0,18,10.0
2018_03_07,17.0,,,28.0,15.0,,22.0,19.0,22,,26.0,,,25.0,,16.0,,,29.0,,18.0,34.0,34.0,,,10.0,,26.0,,,,22.0,65.0,68.0,,,,83.0,,,,,,58.0,,,,91.0,,8.0,15.0,20,9.0
2018_03_08,23.0,,,32.0,23.0,,30.0,29.0,27,,23.0,,,28.0,,12.0,,,39.0,,21.0,23.0,33.0,,,13.0,,26.0,,,,23.0,102.0,100.0,,,,61.0,,,,,,68.0,,,,133.0,,10.0,12.0,18,12.0
2018_03_09,29.0,,,30.0,27.0,,31.0,32.0,28,,30.0,,,29.0,,31.0,,,30.0,,27.0,24.0,27.0,,,21.0,,31.0,,,,24.0,73.0,72.0,,,,41.0,,,,,,16.0,,,,114.0,,11.0,18.0,19,13.0
2018_03_10,43.0,,,24.0,41.0,,43.0,47.0,43,,42.0,,,44.0,,53.0,,,38.0,,39.0,37.0,40.0,,,25.0,,37.0,,,,46.0,39.0,38.0,,,,38.0,,,,,,18.0,,,,50.0,,10.0,14.0,20,13.0
2018_03_11,62.0,,,22.0,61.0,,61.0,65.0,58,,66.0,,,67.0,,70.0,,,55.0,,63.0,52.0,40.0,,,37.0,,56.0,,,,57.0,56.0,59.0,,,,61.0,,,,,,27.0,,,,54.0,,14.0,20.0,23,14.0
2018_03_12,76.0,,,27.0,76.0,,80.0,87.0,75,,82.0,,,74.0,,87.0,,,81.0,,74.0,63.0,43.0,,,40.0,,66.0,,,,68.0,51.0,54.0,,,,62.0,,,,,,44.0,,,,56.0,,16.0,21.0,25,17.0
2018_03_13,40.0,,,35.0,40.0,,43.0,45.0,42,,40.0,,,36.0,,24.0,,,66.0,,59.0,47.0,57.0,,,22.0,,44.0,,,,69.0,46.0,48.0,,,,56.0,,,,,,38.0,,,,58.0,,13.0,18.0,23,14.0
2018_03_14,28.0,,,28.0,26.0,,30.0,33.0,29,,26.0,,,27.0,,12.0,,,43.0,,30.0,35.0,58.0,,,17.0,,30.0,,,,40.0,66.0,61.0,,,,74.0,,,,,,42.0,,,,70.0,,15.0,20.0,24,18.0
2018_03_15,26.0,,,22.0,30.0,,27.0,26.0,24,,24.0,,,30.0,,11.0,,,38.0,,24.0,36.0,41.0,,,11.0,,27.0,,,,29.0,74.0,74.0,,,,73.0,,,,,,58.0,,,,69.0,,14.0,16.0,22,18.0
2018_03_16,25.0,,,26.0,31.0,,26.0,26.0,25,,28.0,,,28.0,,17.0,,,32.0,,27.0,42.0,45.0,,,13.0,,27.0,,,,35.0,86.0,83.0,,,,75.0,,,,,,65.0,,,,74.0,,16.0,18.0,20,15.0
2018_03_17,19.0,,,27.0,22.0,,20.0,20.0,18,,21.0,,,22.0,,14.0,,,37.0,,16.0,32.0,56.0,,,11.0,,21.0,,,,27.0,88.0,87.0,,,,62.0,,,,,,53.0,,,,87.0,,8.0,12.0,18,12.0
2018_03_18,14.0,,,17.0,18.0,,16.0,16.0,13,,16.0,,,18.0,,12.0,,,29.0,,16.0,31.0,58.0,,,9.0,,21.0,,,,28.0,97.0,95.0,,,,75.0,,,,,,51.0,,,,73.0,,7.0,15.0,18,7.0
2018_03_19,15.0,,,,19.0,,16.0,16.0,15,,17.0,,,21.0,,16.0,,,28.0,,16.0,39.0,47.0,,,8.0,,18.0,,,,30.0,67.0,73.0,,,,80.0,,,,,,35.0,,,,62.0,,18.0,16.0,20,11.0
2018_03_20,22.0,,,14.0,25.0,,25.0,25.0,21,,28.0,,,23.0,,17.0,,,40.0,,28.0,40.0,59.0,,,11.0,,21.0,,,,28.0,60.0,59.0,,,,81.0,,,,,,46.0,,,,98.0,,30.0,22.0,21,12.0
2018_03_21,27.0,,,20.0,29.0,,26.0,25.0,25,,30.0,,,26.0,,15.0,,,36.0,,25.0,37.0,35.0,,,14.0,,26.0,,,,24.0,82.0,83.0,,,,95.0,,,,,,62.0,,,,111.0,,15.0,20.0,24,14.0
2018_03_22,38.0,,,29.0,38.0,,34.0,38.0,32,,38.0,,,34.0,,26.0,,,44.0,,30.0,34.0,46.0,,,18.0,,35.0,,,,38.0,79.0,74.0,,,,68.0,,,,,,85.0,,,,84.0,,14.0,16.0,23,11.0
2018_03_23,46.0,,,22.0,52.0,,45.0,48.0,42,,49.0,,,44.0,,37.0,,,48.0,,41.0,51.0,42.0,,,25.0,,40.0,,,,46.0,72.0,69.0,,,,77.0,,,,,,62.0,,,,73.0,,12.0,16.0,20,11.0
2018_03_24,54.0,,,15.0,60.0,,50.0,50.0,51,,54.0,,,52.0,,42.0,,,68.0,,44.0,60.0,49.0,,,25.0,,44.0,,,,63.0,68.0,64.0,,,,74.0,,,,,,80.0,,,,80.0,,13.0,15.0,19,12.0
2018_03_25,41.0,,,22.0,47.0,,37.0,37.0,38,,20.0,,,40.0,,29.0,,,68.0,,46.0,55.0,57.0,,,23.0,,41.0,,,,55.0,76.0,72.0,,,,81.0,,,,,,89.0,,,,64.0,,15.0,20.0,23,17.0
2018_03_26,33.0,,,24.0,36.0,,31.0,29.0,30,,34.0,,,30.0,,21.0,,,51.0,,38.0,46.0,55.0,,,20.0,,33.0,,,,46.0,70.0,71.0,,,,87.0,,,,,,88.0,,,,50.0,,15.0,18.0,24,15.0
2018_03_27,45.0,,,25.0,41.0,,43.0,42.0,41,,23.0,,,95.0,,32.0,,,63.0,,46.0,38.0,43.0,,,19.0,,44.0,,,,50.0,57.0,60.0,,,,72.0,,,,,,48.0,,,,49.0,,18.0,23.0,25,19.0
2018_03_28,35.0,,,29.0,33.0,,33.0,32.0,32,,31.0,,,32.0,,25.0,,,58.0,,30.0,31.0,58.0,,,19.0,,30.0,,,,37.0,77.0,74.0,,,,79.0,,,,,,47.0,,,,71.0,,19.0,29.0,26,24.0
2018_03_29,32.0,,,30.0,29.0,,28.0,28.0,25,,28.0,,,33.0,,21.0,,,32.0,,26.0,35.0,72.0,,,17.0,,23.0,,,,24.0,104.0,108.0,,,,89.0,,,,,,62.0,,,,74.0,,20.0,25.0,30,21.0
2018_03_30,35.0,,,28.0,31.0,,32.0,29.0,31,,29.0,,,33.0,,24.0,,,35.0,,33.0,42.0,44.0,,,22.0,,26.0,,,,28.0,105.0,107.0,,,,81.0,,,,,,65.0,,,,69.0,,26.0,26.0,27,21.0
2018_03_31,37.0,,,30.0,34.0,,33.0,30.0,34,,31.0,,,39.0,,22.0,,,43.0,,31.0,35.0,44.0,,,19.0,,26.0,,,,30.0,56.0,72.0,,,,68.0,,,,,,51.0,,,,62.0,,29.0,32.0,27,20.0
2018_04_01,47.0,,,33.0,45.0,,42.0,42.0,44,,40.0,,,39.0,,35.0,,,41.0,,33.0,34.0,39.0,,,15.0,,31.0,,,,39.0,47.0,45.0,,,,48.0,,,,,,40.0,,,,34.0,,31.0,32.0,37,18.0
2018_04_02,42.0,,,36.0,44.0,,41.0,42.0,43,,44.0,,,42.0,,38.0,,,56.0,,35.0,42.0,47.0,,,17.0,,27.0,,,,46.0,52.0,52.0,,,,49.0,,,,,,40.0,,,,42.0,,24.0,26.0,28,22.0
2018_04_03,42.0,,,33.0,43.0,,45.0,45.0,40,,47.0,,,43.0,,36.0,,,49.0,,30.0,30.0,58.0,,,16.0,,29.0,,,,40.0,34.0,34.0,,,,33.0,,,,,,25.0,,,,38.0,,19.0,23.0,29,23.0
2018_04_04,39.0,,,26.0,30.0,,29.0,23.0,27,,31.0,,,,,21.0,,,37.0,,32.0,34.0,72.0,,,18.0,,24.0,,,,30.0,41.0,43.0,,,,50.0,,,,,,33.0,,,,35.0,,19.0,25.0,29,24.0
2018_04_05,47.0,,,26.0,34.0,,34.0,21.0,32,,37.0,,,31.0,,30.0,,,48.0,,29.0,36.0,62.0,,,19.0,,27.0,,,,30.0,33.0,37.0,,,,30.0,,,,,,25.0,,,,28.0,,19.0,23.0,28,23.0
2018_04_06,,,,36.0,43.0,,43.0,36.0,43,,51.0,,,40.0,,37.0,,,42.0,,29.0,22.0,46.0,,,22.0,,30.0,,,,28.0,26.0,28.0,,,,30.0,,,,,,28.0,,,,40.0,,19.0,26.0,31,21.0
2018_04_07,,,,12.0,20.0,,19.0,15.0,20,,27.0,,,17.0,,23.0,,,13.0,,28.0,18.0,20.0,,,9.0,,16.0,,,,12.0,23.0,20.0,,,,12.0,,,,,,35.0,,,,19.0,,13.0,25.0,26,16.0
2018_04_08,,,,20.0,26.0,,28.0,24.0,28,,30.0,,,20.0,,36.0,,,23.0,,25.0,20.0,32.0,,,12.0,,16.0,,,,18.0,18.0,14.0,,,,17.0,,,,,,19.0,,,,16.0,,12.0,17.0,20,13.0
2018_04_09,,,,38.0,43.0,,45.0,45.0,42,,51.0,,,46.0,,80.0,,,40.0,,39.0,37.0,40.0,,,24.0,,29.0,,,,32.0,25.0,27.0,,,,23.0,,,,,,17.0,,,,37.0,,13.0,20.0,20,12.0
2018_04_10,43.0,,,51.0,52.0,,,56.0,52,,62.0,,,58.0,,63.0,,,60.0,,39.0,40.0,52.0,,,36.0,,38.0,,,,38.0,41.0,43.0,,,,42.0,,,,,,24.0,,,,58.0,,11.0,10.0,15,12.0
2018_04_11,19.0,,,25.0,30.0,,30.0,18.0,28,,32.0,,,26.0,,21.0,,,46.0,,36.0,34.0,49.0,,,19.0,,26.0,,,,39.0,72.0,76.0,,,,78.0,,,,,,41.0,,,,60.0,,11.0,15.0,17,9.0
2018_04_12,11.0,,,16.0,21.0,,21.0,10.0,18,,18.0,,,20.0,,5.0,,,26.0,,25.0,34.0,47.0,,,11.0,,16.0,,,,22.0,69.0,69.0,,,,75.0,,,,,,54.0,,,,57.0,,11.0,14.0,19,13.0
2018_04_13,9.0,,,16.0,21.0,,19.0,10.0,16,,22.0,,,20.0,,4.0,,,25.0,,24.0,29.0,39.0,,,11.0,,15.0,,,,19.0,71.0,76.0,,,,81.0,,,,,,65.0,,,,57.0,,11.0,15.0,19,10.0
2018_04_14,9.0,,,16.0,21.0,,20.0,12.0,17,,20.0,,,21.0,,11.0,,,27.0,,25.0,30.0,40.0,,,10.0,,16.0,,,,19.0,89.0,86.0,,,,85.0,,,,,,63.0,,,,70.0,,9.0,13.0,18,8.0
2018_04_15,8.0,,,15.0,21.0,,20.0,12.0,18,,18.0,,,20.0,,9.0,,,19.0,,24.0,30.0,35.0,,,8.0,,16.0,,,,15.0,94.0,76.0,,,,75.0,,,,,,68.0,,,,62.0,,13.0,10.0,14,10.0
2018_04_16,16.0,,,22.0,28.0,,24.0,18.0,26,,24.0,,,24.0,,9.0,,,21.0,,17.0,27.0,30.0,,,13.0,,19.0,,,,18.0,64.0,61.0,,,,38.0,,,,,,30.0,,,,83.0,,9.0,13.0,18,10.0
2018_04_17,10.0,,,14.0,21.0,,19.0,13.0,16,,21.0,,,21.0,,14.0,,,24.0,,18.0,19.0,23.0,,,9.0,,15.0,,,,12.0,33.0,33.0,,,,24.0,,,,,,13.0,,,,55.0,,10.0,17.0,18,13.0
2018_04_18,19.0,,,21.0,32.0,,31.0,25.0,32,,33.0,,,26.0,,,,,24.0,,32.0,25.0,37.0,,,10.0,,20.0,,,,23.0,27.0,25.0,,,,22.0,,,,,,12.0,,,,43.0,,10.0,18.0,23,11.0
2018_04_19,12.0,,,16.0,26.0,,22.0,16.0,20,,28.0,,,21.0,,,,,37.0,,28.0,28.0,23.0,,,11.0,,23.0,,,,27.0,35.0,34.0,,,,41.0,,,,,,21.0,,,,48.0,,11.0,20.0,24,12.0
2018_04_20,9.0,,,14.0,22.0,,20.0,14.0,17,,22.0,,,32.0,,12.0,,,27.0,,26.0,19.0,41.0,,,12.0,,20.0,,,,22.0,46.0,50.0,,,,50.0,,,,,,25.0,,,,18.0,,12.0,18.0,24,15.0
2018_04_21,11.0,,,17.0,23.0,,22.0,16.0,19,,24.0,,,31.0,,17.0,,,31.0,,23.0,26.0,50.0,,,14.0,,20.0,,,,23.0,56.0,57.0,,,,63.0,,,,,,34.0,,,,52.0,,12.0,17.0,21,14.0
2018_04_22,9.0,,,13.0,20.0,,17.0,14.0,15,,21.0,,,18.0,,13.0,,,26.0,,22.0,25.0,57.0,,,11.0,,19.0,,,,17.0,76.0,80.0,,,,72.0,,,,,,45.0,,,,46.0,,13.0,16.0,20,14.0
2018_04_23,13.0,,,20.0,26.0,,27.0,21.0,23,,26.0,,,18.0,,18.0,,,31.0,,23.0,31.0,47.0,,,11.0,,17.0,,,,21.0,75.0,73.0,,,,67.0,,,,,,60.0,,,,39.0,,15.0,18.0,22,18.0
2018_04_24,11.0,,,18.0,22.0,,23.0,16.0,20,,26.0,,,19.0,,20.0,,,28.0,,24.0,32.0,50.0,,,12.0,,18.0,,,,18.0,85.0,82.0,,,,73.0,,,,,,63.0,,,,36.0,,17.0,18.0,21,13.0
2018_04_25,16.0,,,22.0,28.0,,28.0,22.0,24,,31.0,,,25.0,,24.0,,,28.0,,28.0,28.0,29.0,,,9.0,,17.0,,,,21.0,69.0,71.0,,,,58.0,,,,,,38.0,,,,34.0,,18.0,10.0,14,
2018_04_26,13.0,,,18.0,22.0,,24.0,19.0,19,,28.0,,,22.0,,23.0,,,31.0,,29.0,33.0,38.0,,,7.0,,17.0,,,,19.0,44.0,45.0,,,,30.0,,,,,,16.0,,,,35.0,,15.0,9.0,12,9.0
2018_04_27,14.0,,,17.0,22.0,,24.0,21.0,23,,27.0,,,22.0,,32.0,,,27.0,,12.0,13.0,50.0,,,10.0,,18.0,,,,10.0,38.0,37.0,,,,24.0,,,,,,15.0,,,,49.0,,13.0,10.0,15,11.0
2018_04_28,12.0,,,13.0,21.0,,21.0,18.0,22,,24.0,,,26.0,,21.0,,,16.0,,9.0,10.0,28.0,,,9.0,,21.0,,,,8.0,32.0,34.0,,,,16.0,,,,,,10.0,,,,32.0,,12.0,,15,14.0
2018_04_29,15.0,,,17.0,26.0,,25.0,21.0,26,,28.0,,,26.0,,24.0,,,28.0,,15.0,10.0,29.0,,,10.0,,10.0,,,,13.0,25.0,22.0,,,,11.0,,,,,,9.0,,,,16.0,,13.0,15.0,14,14.0
2018_04_30,8.0,,,13.0,19.0,,19.0,17.0,15,,21.0,,,19.0,,11.0,,,22.0,,11.0,11.0,34.0,,,6.0,,10.0,,,,8.0,25.0,17.0,,,,12.0,,,,,,9.0,,,,17.0,,14.0,12.0,14,12.0
2018_05_01,4.0,,,9.0,13.0,,13.0,10.0,11,,10.0,,,14.0,,9.0,,,13.0,,5.0,8.0,32.0,,,12.0,,9.0,,,,6.0,18.0,16.0,,,,13.0,,,,,,8.0,,,,15.0,,13.0,11.0,16,11.0
2018_05_02,4.0,,,8.0,16.0,,15.0,12.0,11,,10.0,,,14.0,,18.0,,,20.0,,7.0,6.0,16.0,,,6.0,,11.0,,,,9.0,11.0,9.0,,,,9.0,,,,,,5.0,,,,15.0,,8.0,14.0,18,12.0
2018_05_03,9.0,,,14.0,19.0,,21.0,18.0,18,,18.0,,,17.0,,25.0,,,28.0,,5.0,7.0,23.0,,,7.0,,13.0,,,,11.0,13.0,10.0,,,,9.0,,,,,,4.0,,,,12.0,,14.0,12.0,16,12.0
2018_05_04,12.0,,,12.0,22.0,,22.0,18.0,21,,21.0,,,26.0,,17.0,,,31.0,,6.0,7.0,21.0,,,10.0,,18.0,,,,8.0,15.0,15.0,,,,11.0,,,,,,6.0,,,,9.0,,10.0,18.0,18,9.0
2018_05_05,19.0,,,10.0,17.0,,16.0,14.0,18,,15.0,,,16.0,,14.0,,,20.0,,7.0,,19.0,,,6.0,,13.0,,,,11.0,18.0,15.0,,,,13.0,,,,,,8.0,,,,13.0,,10.0,15.0,19,13.0
2018_05_06,4.0,,,10.0,17.0,,16.0,13.0,16,,12.0,,,13.0,,9.0,,,21.0,,6.0,,25.0,,,10.0,,13.0,,,,10.0,25.0,22.0,,,,17.0,,,,,,13.0,,,,16.0,,12.0,16.0,24,15.0
2018_05_07,11.0,,,15.0,19.0,,18.0,17.0,17,,13.0,,,16.0,,14.0,,,20.0,,7.0,,21.0,,,7.0,,12.0,,,,11.0,36.0,33.0,,,,25.0,,,,,,17.0,,,,16.0,,17.0,14.0,19,11.0
2018_05_08,19.0,,,18.0,22.0,,22.0,20.0,19,,26.0,,,,,15.0,,,26.0,,10.0,13.0,29.0,,,5.0,,12.0,,,,9.0,40.0,38.0,,,,32.0,,,,,,24.0,,,,21.0,,15.0,18.0,16,15.0
2018_05_09,13.0,,,15.0,17.0,,19.0,17.0,19,,20.0,,,15.0,,14.0,,,22.0,,16.0,16.0,36.0,,,6.0,,13.0,,,,12.0,41.0,41.0,,,,35.0,,,,,,33.0,,,,22.0,,21.0,20.0,21,14.0
2018_05_10,10.0,,,14.0,17.0,,17.0,15.0,15,,23.0,,,12.0,,13.0,,,25.0,,14.0,19.0,37.0,,,6.0,,16.0,,,,10.0,20.0,34.0,,,,29.0,,,,,,32.0,,,,21.0,,17.0,18.0,19,15.0
2018_05_11,14.0,,,14.0,18.0,,19.0,18.0,19,,25.0,,,20.0,,24.0,,,14.0,,14.0,10.0,24.0,,,10.0,,16.0,,,,10.0,19.0,27.0,,,,13.0,,,,,,19.0,,,,18.0,,18.0,25.0,26,16.0
2018_05_12,21.0,,,20.0,27.0,,28.0,26.0,29,,31.0,,,26.0,,38.0,,,23.0,,10.0,9.0,20.0,,,13.0,,27.0,,,,11.0,15.0,25.0,,,,17.0,,,,,,13.0,,,,17.0,,13.0,18.0,23,16.0
2018_05_13,22.0,,,20.0,26.0,,23.0,20.0,28,,29.0,,,19.0,,21.0,,,28.0,,11.0,8.0,19.0,,,15.0,,21.0,,,,12.0,25.0,21.0,,,,16.0,,,,,,10.0,,,,14.0,,13.0,19.0,21,13.0
2018_05_14,18.0,,,16.0,20.0,,22.0,17.0,22,,24.0,,,25.0,,13.0,,,25.0,,9.0,12.0,24.0,,,14.0,,18.0,,,,12.0,24.0,22.0,,,,18.0,,,,,,11.0,,,,10.0,,13.0,17.0,19,12.0
2018_05_15,20.0,,,22.0,26.0,,28.0,23.0,26,,30.0,,,21.0,,,,,28.0,,13.0,14.0,25.0,,,13.0,,20.0,,,,16.0,28.0,24.0,,,,15.0,,,,,,14.0,,,,16.0,,13.0,13.0,19,11.0
2018_05_16,10.0,,,14.0,19.0,,18.0,15.0,19,,20.0,,,15.0,,13.0,,,37.0,,9.0,9.0,27.0,,,14.0,,20.0,,,,21.0,30.0,23.0,,,,20.0,,,,,,,,,,18.0,,18.0,10.0,14,10.0
2018_05_17,10.0,,,10.0,16.0,,16.0,12.0,14,,20.0,,,16.0,,10.0,,,24.0,,15.0,13.0,28.0,,,12.0,,17.0,,,,23.0,22.0,19.0,,,,14.0,,,,,,5.0,,,,14.0,,13.0,11.0,12,10.0
2018_05_18,11.0,,,12.0,19.0,,20.0,14.0,18,,22.0,,,21.0,,9.0,,,26.0,,11.0,13.0,19.0,,,14.0,,22.0,,,,14.0,15.0,16.0,,,,15.0,,,,,,,,,,11.0,,18.0,10.0,13,11.0
2018_05_19,13.0,,,15.0,18.0,,,17.0,17,,24.0,,,18.0,,19.0,,,25.0,,12.0,9.0,20.0,,,12.0,,19.0,,,,19.0,22.0,19.0,,,,12.0,,,,,,5.0,,,,13.0,,17.0,10.0,16,10.0
2018_05_20,17.0,,,22.0,26.0,,,19.0,28,,30.0,,,19.0,,23.0,,,24.0,,9.0,9.0,23.0,,,12.0,,20.0,,,,11.0,23.0,22.0,,,,16.0,,,,,,,,,,15.0,,13.0,11.0,14,8.0
2018_05_21,16.0,,,20.0,24.0,,24.0,19.0,20,,27.0,,,23.0,,11.0,,,22.0,,11.0,11.0,20.0,,,13.0,,20.0,,,,12.0,23.0,26.0,,,,16.0,,,,,,11.0,,,,12.0,,16.0,15.0,19,11.0
2018_05_22,18.0,,,19.0,22.0,,25.0,25.0,21,,36.0,,,18.0,,30.0,,,27.0,,8.0,7.0,19.0,,,10.0,,19.0,,,,14.0,14.0,16.0,,,,9.0,,,,,,10.0,,,,10.0,,19.0,15.0,19,9.0
2018_05_23,18.0,,,17.0,22.0,,25.0,27.0,19,,35.0,,,20.0,,34.0,,,26.0,,22.0,17.0,20.0,,,12.0,,20.0,,,,11.0,18.0,18.0,,,,17.0,,,,,,8.0,,,,10.0,,13.0,11.0,16,8.0
2018_05_24,11.0,,,8.0,16.0,,16.0,13.0,12,,21.0,,,15.0,,9.0,,,19.0,,9.0,10.0,17.0,,,8.0,,15.0,,,,8.0,13.0,12.0,,,,14.0,,,,,,8.0,,,,9.0,,14.0,7.0,14,9.0
2018_05_25,9.0,,,12.0,14.0,,15.0,14.0,12,,20.0,,,11.0,,15.0,,,18.0,,6.0,8.0,16.0,,,5.0,,12.0,,,,12.0,13.0,12.0,,,,10.0,,,,,,13.0,,,,7.0,,11.0,9.0,14,10.0
2018_05_26,10.0,,,13.0,14.0,,15.0,19.0,16,,21.0,,,14.0,,23.0,,,23.0,,5.0,6.0,15.0,,,6.0,,12.0,,,,13.0,14.0,14.0,,,,11.0,,,,,,6.0,,,,7.0,,10.0,10.0,15,6.0
2018_05_27,13.0,,,13.0,17.0,,19.0,16.0,17,,24.0,,,14.0,,29.0,,,16.0,,6.0,6.0,14.0,,,5.0,,13.0,,,,9.0,11.0,7.0,,,,9.0,,,,,,5.0,,,,8.0,,16.0,10.0,15,7.0
2018_05_28,16.0,,,18.0,22.0,,22.0,21.0,21,,28.0,,,17.0,,19.0,,,22.0,,10.0,6.0,14.0,,,11.0,,15.0,,,,15.0,11.0,12.0,,,,8.0,,,,,,5.0,,,,5.0,,9.0,12.0,14,8.0
2018_05_29,10.0,,,9.0,14.0,,14.0,12.0,12,,19.0,,,14.0,,9.0,,,21.0,,7.0,10.0,14.0,,,6.0,,15.0,,,,6.0,11.0,10.0,,,,8.0,,,,,,4.0,,,,6.0,,11.0,9.0,12,7.0
2018_05_30,16.0,,,11.0,15.0,,16.0,12.0,13,,20.0,,,18.0,,7.0,,,18.0,,8.0,11.0,16.0,,,6.0,,16.0,,,,15.0,11.0,11.0,,,,6.0,,,,,,5.0,,,,5.0,,14.0,13.0,14,9.0
2018_05_31,13.0,,,17.0,22.0,,24.0,20.0,22,,25.0,,,15.0,,26.0,,,27.0,,9.0,8.0,19.0,,,9.0,,15.0,,,,18.0,11.0,16.0,,,,8.0,,,,,,5.0,,,,10.0,,19.0,9.0,15,12.0
2018_06_01,14.0,,,11.0,17.0,,18.0,16.0,17,,23.0,,,24.0,,15.0,,,27.0,,10.0,7.0,15.0,,,14.0,,16.0,,,,19.0,11.0,32.0,,,,7.0,,,,,,6.0,,,,9.0,,14.0,10.0,17,10.0
2018_06_02,12.0,,,10.0,17.0,,17.0,15.0,16,,21.0,,,18.0,,17.0,,,30.0,,5.0,7.0,20.0,,,16.0,,15.0,,,,25.0,9.0,32.0,,,,7.0,,,,,,7.0,,,,7.0,,14.0,12.0,14,10.0
2018_06_03,11.0,,,10.0,14.0,,14.0,12.0,13,,21.0,,,14.0,,11.0,,,20.0,,5.0,6.0,22.0,,,12.0,,12.0,,,,12.0,12.0,48.0,,,,8.0,,,,,,9.0,,,,9.0,,15.0,14.0,16,12.0
2018_06_04,9.0,,,8.0,14.0,,14.0,12.0,14,,18.0,,,13.0,,12.0,,,19.0,,5.0,6.0,25.0,,,5.0,,12.0,,,,13.0,14.0,41.0,,,,7.0,,,,,,10.0,,,,9.0,,16.0,16.0,18,15.0
2018_06_05,10.0,,,7.0,12.0,,15.0,13.0,11,,18.0,,,12.0,,13.0,,,18.0,,8.0,7.0,18.0,,,7.0,,10.0,,,,10.0,14.0,26.0,,,,10.0,,,,,,9.0,,,,10.0,,20.0,17.0,20,14.0
2018_06_06,14.0,,,11.0,15.0,,17.0,17.0,16,,21.0,,,14.0,,19.0,,,18.0,,7.0,7.0,15.0,,,6.0,,12.0,,,,9.0,13.0,22.0,,,,7.0,,,,,,8.0,,,,8.0,,23.0,17.0,27,15.0
2018_06_07,13.0,,,11.0,14.0,,16.0,15.0,13,,18.0,,,12.0,,14.0,,,12.0,,8.0,5.0,11.0,,,4.0,,9.0,,,,10.0,,12.0,,,,7.0,,,,,,7.0,,,,7.0,,23.0,17.0,33,20.0
2018_06_08,13.0,,,8.0,14.0,,15.0,11.0,11,,18.0,,,14.0,,12.0,,,14.0,,6.0,6.0,10.0,,,4.0,,8.0,,,,11.0,12.0,9.0,,,,6.0,,,,,,8.0,,,,6.0,,18.0,17.0,27,20.0
2018_06_09,8.0,,,9.0,15.0,,13.0,12.0,12,,15.0,,,16.0,,8.0,,,9.0,,8.0,6.0,13.0,,,5.0,,12.0,,,,8.0,10.0,11.0,,,,7.0,,,,,,7.0,,,,6.0,,16.0,18.0,25,21.0
2018_06_10,8.0,,,7.0,14.0,,12.0,12.0,13,,22.0,,,9.0,,8.0,,,13.0,,9.0,10.0,16.0,,,6.0,,12.0,,,,16.0,11.0,10.0,,,,6.0,,,,,,6.0,,,,8.0,,27.0,24.0,28,28.0
2018_06_11,8.0,,,10.0,14.0,,12.0,10.0,10,,18.0,,,12.0,,7.0,,,11.0,,9.0,8.0,15.0,,,9.0,,14.0,,,,15.0,,10.0,,,,4.0,,,,,,6.0,,,,9.0,,33.0,25.0,36,27.0
2018_06_12,7.0,,,7.0,13.0,,11.0,9.0,10,,16.0,,,9.0,,6.0,,,11.0,,7.0,9.0,15.0,,,9.0,,12.0,,,,11.0,9.0,9.0,,,,7.0,,,,,,,,,,9.0,,29.0,33.0,38,28.0
2018_06_13,10.0,,,7.0,15.0,,13.0,11.0,10,,15.0,,,10.0,,8.0,,,15.0,,8.0,10.0,16.0,,,10.0,,13.0,,,,12.0,11.0,12.0,,,,8.0,,,,,,7.0,,,,12.0,,29.0,32.0,32,22.0
2018_06_14,11.0,,,10.0,14.0,,14.0,12.0,11,,17.0,,,11.0,,10.0,,,20.0,,9.0,9.0,15.0,,,5.0,,13.0,,,,12.0,15.0,16.0,,,,11.0,,,,,,9.0,,,,12.0,,26.0,27.0,27,23.0
2018_06_15,9.0,,,14.0,16.0,,18.0,15.0,13,,19.0,,,13.0,,11.0,,,15.0,,8.0,9.0,15.0,,,7.0,,14.0,,,,12.0,14.0,15.0,,,,13.0,,,,,,,,,,11.0,,27.0,32.0,35,28.0
2018_06_16,14.0,,,14.0,17.0,,17.0,16.0,15,,20.0,,,19.0,,14.0,,,16.0,,9.0,11.0,15.0,,,6.0,,30.0,,,,11.0,19.0,22.0,,,,13.0,,,,,,10.0,,,,13.0,,26.0,26.0,27,16.0
2018_06_17,15.0,,,12.0,17.0,,20.0,16.0,14,,20.0,,,12.0,,23.0,,,15.0,,8.0,11.0,19.0,,,8.0,,29.0,,,,12.0,29.0,29.0,,,,20.0,,,,,,13.0,,,,12.0,,9.0,12.0,12,5.0
2018_06_18,15.0,,,18.0,19.0,,22.0,23.0,19,,26.0,,,21.0,,18.0,,,17.0,,16.0,20.0,25.0,,,13.0,,16.0,,,,17.0,34.0,34.0,,,,21.0,,,,,,19.0,,,,17.0,,12.0,14.0,11,5.0
2018_06_19,21.0,,,21.0,23.0,,24.0,23.0,22,,27.0,,,26.0,,19.0,,,15.0,,15.0,14.0,24.0,,,10.0,,18.0,,,,14.0,28.0,34.0,,,,18.0,,,,,,5.0,,,,18.0,,8.0,18.0,11,5.0
2018_06_20,12.0,,,10.0,16.0,,15.0,13.0,14,,19.0,,,12.0,,12.0,,,23.0,,12.0,11.0,21.0,,,10.0,,13.0,,,,16.0,20.0,21.0,,,,12.0,,,,,,12.0,,,,14.0,,9.0,10.0,15,6.0
2018_06_21,13.0,,,13.0,17.0,,15.0,16.0,14,,20.0,,,15.0,,10.0,,,16.0,,12.0,14.0,18.0,,,10.0,,15.0,,,,14.0,14.0,16.0,,,,9.0,,,,,,10.0,,,,10.0,,14.0,11.0,19,11.0
2018_06_22,18.0,,,22.0,22.0,,22.0,21.0,21,,26.0,,,16.0,,18.0,,,25.0,,17.0,16.0,21.0,,,11.0,,17.0,,,,21.0,15.0,15.0,,,,11.0,,,,,,8.0,,,,14.0,,16.0,14.0,23,13.0
2018_06_23,22.0,,,19.0,23.0,,22.0,24.0,22,,28.0,,,18.0,,21.0,,,24.0,,15.0,17.0,21.0,,,14.0,,19.0,,,,24.0,14.0,14.0,,,,10.0,,,,,,8.0,,,,12.0,,10.0,17.0,12,13.0
2018_06_24,17.0,,,14.0,20.0,,19.0,17.0,18,,25.0,,,21.0,,16.0,,,21.0,,11.0,8.0,15.0,,,10.0,,18.0,,,,21.0,12.0,14.0,,,,11.0,,,,,,6.0,,,,2.0,,17.0,14.0,14,11.0
2018_06_25,13.0,,,7.0,14.0,,15.0,13.0,14,,20.0,,,14.0,,15.0,,,23.0,,9.0,9.0,17.0,,,7.0,,13.0,,,,16.0,15.0,16.0,,,,10.0,,,,,,7.0,,,,4.0,,10.0,12.0,14,8.0
2018_06_26,11.0,,,15.0,15.0,,18.0,18.0,14,,23.0,,,15.0,,18.0,,,26.0,,14.0,11.0,16.0,,,9.0,,16.0,,,,14.0,13.0,12.0,,,,9.0,,,,,,4.0,,,,3.0,,16.0,13.0,15,11.0
2018_06_27,14.0,,,14.0,17.0,,19.0,18.0,17,,25.0,,,19.0,,22.0,,,19.0,,15.0,8.0,17.0,,,6.0,,16.0,,,,16.0,10.0,11.0,,,,7.0,,,,,,4.0,,,,3.0,,11.0,12.0,21,10.0
2018_06_28,13.0,,,13.0,18.0,,19.0,19.0,20,,23.0,,,19.0,,25.0,,,24.0,,11.0,6.0,13.0,,,11.0,,15.0,,,,11.0,11.0,9.0,,,,6.0,,,,,,4.0,,,,,,18.0,16.0,22,14.0
2018_06_30,10.0,,,12.0,16.0,,14.0,18.0,17,,19.0,,,10.0,,13.0,,,15.0,,7.0,7.0,16.0,,,4.0,,11.0,,,,14.0,13.0,16.0,,,,,,,,,,8.0,,,,5.0,,16.0,10.0,18,16.0
2018_07_01,7.0,,,9.0,13.0,,16.0,13.0,15,,19.0,,,11.0,,12.0,,,14.0,,6.0,9.0,14.0,,,8.0,,10.0,,,,10.0,12.0,15.0,,,,5.0,,,,,,10.0,,,,,,17.0,18.0,21,11.0
2018_07_02,9.0,,,8.0,11.0,,14.0,12.0,13,,18.0,,,12.0,,10.0,,,15.0,,7.0,7.0,15.0,,,5.0,,10.0,,,,13.0,15.0,11.0,,,,8.0,,,,,,6.0,,,,4.0,,19.0,13.0,18,10.0
2018_07_03,13.0,,,11.0,14.0,,15.0,14.0,14,,20.0,,,14.0,,15.0,,,10.0,,11.0,7.0,13.0,,,7.0,,11.0,,,,10.0,16.0,13.0,,,,11.0,,,,,,7.0,,,,5.0,,20.0,12.0,20,10.0
2018_07_04,13.0,,,10.0,12.0,,14.0,11.0,13,,21.0,,,15.0,,14.0,,,15.0,,6.0,6.0,12.0,,,6.0,,9.0,,,,10.0,15.0,12.0,,,,9.0,,,,,,9.0,,,,4.0,,24.0,14.0,28,16.0
2018_07_05,10.0,,,9.0,15.0,,16.0,14.0,12,,19.0,,,9.0,,15.0,,,15.0,,8.0,7.0,17.0,,,6.0,,10.0,,,,11.0,13.0,34.0,,,,7.0,,,,,,9.0,,,,3.0,,18.0,15.0,30,11.0
2018_07_06,13.0,,,13.0,15.0,,16.0,13.0,14,,20.0,,,12.0,,14.0,,,13.0,,5.0,7.0,17.0,,,7.0,,11.0,,,,10.0,14.0,11.0,,,,6.0,,,,,,8.0,,,,4.0,,16.0,20.0,27,9.0
2018_07_07,15.0,,,16.0,16.0,,20.0,17.0,17,,22.0,,,14.0,,19.0,,,15.0,,9.0,10.0,16.0,,,8.0,,14.0,,,,12.0,13.0,10.0,,,,6.0,,,,,,6.0,,,,8.0,,22.0,21.0,27,18.0
2018_07_08,19.0,,,20.0,22.0,,23.0,23.0,22,,25.0,,,23.0,,20.0,,,24.0,,15.0,16.0,21.0,,,10.0,,16.0,,,,21.0,15.0,16.0,,,,10.0,,,,,,5.0,,,,9.0,,21.0,16.0,25,16.0
2018_07_09,18.0,,,16.0,18.0,,20.0,21.0,19,,28.0,,,20.0,,21.0,,,21.0,,14.0,12.0,21.0,,,8.0,,15.0,,,,19.0,15.0,15.0,,,,9.0,,,,,,6.0,,,,9.0,,9.0,16.0,18,7.0
2018_07_10,25.0,,,15.0,22.0,,24.0,23.0,22,,31.0,,,21.0,,21.0,,,20.0,,16.0,11.0,16.0,,,12.0,,,,,,17.0,12.0,17.0,,,,9.0,,,,,,5.0,,,,9.0,,12.0,12.0,15,5.0
2018_07_11,13.0,,,31.0,13.0,,16.0,14.0,12,,21.0,,,21.0,,17.0,,,27.0,,10.0,7.0,21.0,,,5.0,,9.0,,,,10.0,10.0,12.0,,,,9.0,,,,,,4.0,,,,8.0,,10.0,13.0,16,7.0
2018_07_12,15.0,,,12.0,15.0,,17.0,15.0,15,,20.0,,,15.0,,17.0,,,13.0,,10.0,8.0,17.0,,,5.0,,11.0,,,,10.0,12.0,11.0,,,,9.0,,,,,,4.0,,,,12.0,,15.0,17.0,19,14.0
2018_07_13,13.0,,,12.0,15.0,,16.0,15.0,15,,20.0,,,10.0,,16.0,,,11.0,,9.0,9.0,19.0,,,5.0,,10.0,,,,13.0,10.0,14.0,,,,6.0,,,,,,5.0,,,,10.0,,30.0,26.0,28,23.0
2018_07_14,17.0,,,16.0,21.0,,24.0,23.0,20,,26.0,,,14.0,,18.0,,,16.0,,16.0,13.0,18.0,,,9.0,,14.0,,,,14.0,11.0,19.0,,,,6.0,,,,,,6.0,,,,8.0,,25.0,30.0,32,17.0
2018_07_15,17.0,,,15.0,18.0,,19.0,19.0,18,,21.0,,,13.0,,11.0,,,14.0,,14.0,10.0,18.0,,,11.0,,14.0,,,,15.0,12.0,,,,,7.0,,,,,,7.0,,,,10.0,,24.0,32.0,29,20.0
2018_07_16,20.0,,,16.0,13.0,,21.0,21.0,18,,26.0,,,20.0,,17.0,,,16.0,,15.0,10.0,19.0,,,13.0,,13.0,,,,,12.0,8.0,,,,9.0,,,,,,6.0,,,,9.0,,23.0,32.0,30,21.0
2018_07_17,23.0,,,14.0,14.0,,23.0,23.0,18,,28.0,,,16.0,,15.0,,,10.0,,13.0,11.0,13.0,,,5.0,,11.0,,,,,14.0,11.0,,,,9.0,,,,,,5.0,,,,13.0,,23.0,26.0,25,17.0
2018_07_18,13.0,,,20.0,15.0,,16.0,16.0,12,,18.0,,,9.0,,10.0,,,11.0,,11.0,12.0,13.0,,,6.0,,9.0,,,,9.0,13.0,11.0,,,,5.0,,6.0,,,,5.0,,,,13.0,,17.0,21.0,21,12.0
2018_07_19,12.0,,,10.0,18.0,,15.0,13.0,13,,21.0,,,12.0,,6.0,,,17.0,,16.0,11.0,18.0,,,8.0,,13.0,,,,13.0,11.0,10.0,,,,5.0,,6.0,,,,4.0,,,,9.0,,30.0,32.0,33,30.0
2018_07_20,11.0,,,12.0,19.0,,17.0,16.0,15,,26.0,,12.0,13.0,,8.0,,,17.0,,17.0,13.0,19.0,,,11.0,,14.0,,,,17.0,13.0,13.0,,,,6.0,,5.0,,,7.0,,4.0,,,10.0,,23.0,33.0,28,19.0
2018_07_21,16.0,,,18.0,18.0,,20.0,19.0,17,,25.0,,14.0,14.0,,14.0,,,20.0,,18.0,11.0,24.0,,,9.0,,16.0,,,,17.0,19.0,24.0,,,,8.0,,6.0,,8.0,7.0,,10.0,,,11.0,,11.0,17.0,18,9.0
2018_07_22,15.0,,,15.0,18.0,,19.0,19.0,15,,23.0,,14.0,31.0,,11.0,,,19.0,,16.0,14.0,21.0,,,11.0,,15.0,,,,13.0,18.0,19.0,,,,10.0,,8.0,,5.0,7.0,6.0,7.0,,,11.0,,10.0,21.0,17,8.0
2018_07_23,19.0,,,15.0,20.0,,23.0,21.0,19,,27.0,,,19.0,,18.0,,,19.0,,17.0,14.0,19.0,,,10.0,,17.0,,,,14.0,15.0,16.0,,,,7.0,,7.0,,5.0,7.0,5.0,7.0,,,10.0,,13.0,23.0,24,11.0
2018_07_24,25.0,,,21.0,22.0,,28.0,24.0,19,,29.0,,23.0,22.0,,26.0,,,16.0,,20.0,12.0,20.0,,,13.0,,18.0,,,,19.0,16.0,16.0,,,,10.0,,8.0,,5.0,8.0,5.0,9.0,,,12.0,,17.0,17.0,31,12.0
2018_07_25,19.0,,,20.0,22.0,,22.0,20.0,19,24.0,27.0,,15.0,16.0,,22.0,,,21.0,,34.0,16.0,22.0,,24.0,9.0,15.0,17.0,,,,17.0,18.0,20.0,,,,11.0,,6.0,,5.0,9.0,4.0,11.0,,,15.0,,26.0,15.0,23,17.0
2018_07_26,17.0,,,14.0,21.0,,21.0,20.0,19,23.0,25.0,,12.0,15.0,,23.0,,,18.0,,15.0,14.0,25.0,,28.0,12.0,24.0,19.0,,,,5.0,16.0,23.0,,,,9.0,,10.0,,4.0,10.0,5.0,11.0,,,14.0,,20.0,17.0,30,15.0
2018_07_27,19.0,,,18.0,22.0,,22.0,21.0,18,26.0,28.0,,17.0,16.0,,23.0,,,20.0,,18.0,17.0,24.0,,30.0,10.0,24.0,19.0,,,,5.0,19.0,20.0,,,,9.0,,7.0,,4.0,9.0,4.0,12.0,,,11.0,,16.0,13.0,20,12.0
2018_07_28,14.0,,,16.0,15.0,,18.0,15.0,14,22.0,23.0,,13.0,16.0,,19.0,,,18.0,,14.0,17.0,21.0,,30.0,12.0,25.0,21.0,,,,15.0,15.0,15.0,,,,11.0,,10.0,,5.0,11.0,5.0,10.0,,,9.0,,15.0,11.0,18,6.0
2018_07_29,14.0,,,17.0,18.0,,20.0,17.0,18,22.0,24.0,,14.0,15.0,,22.0,,,15.0,,16.0,11.0,22.0,,25.0,9.0,17.0,16.0,,,,13.0,17.0,21.0,,,,10.0,,9.0,,8.0,8.0,7.0,13.0,,,11.0,,9.0,9.0,15,5.0
2018_07_30,15.0,,,15.0,18.0,,20.0,19.0,19,21.0,24.0,,14.0,17.0,,26.0,,,15.0,,17.0,9.0,20.0,,21.0,6.0,17.0,14.0,,,,12.0,20.0,20.0,,,,10.0,,9.0,,7.0,7.0,6.0,15.0,,,10.0,,11.0,9.0,11,4.0
2018_07_31,17.0,,,12.0,20.0,,21.0,20.0,19,23.0,26.0,,12.0,14.0,,21.0,,,20.0,,13.0,10.0,20.0,,18.0,8.0,19.0,16.0,,,,14.0,17.0,16.0,,,,9.0,,25.0,,7.0,,6.0,10.0,,,14.0,,9.0,6.0,9,6.0
2018_08_01,18.0,,,18.0,15.0,,21.0,18.0,14,17.0,23.0,,14.0,13.0,,23.0,,,17.0,,10.0,10.0,24.0,,24.0,8.0,18.0,15.0,,,,13.0,18.0,16.0,,,,12.0,,32.0,,11.0,12.0,8.0,14.0,,,15.0,,19.0,12.0,20,16.0
2018_08_02,17.0,,,13.0,19.0,,23.0,22.0,17,21.0,22.0,,14.0,15.0,,23.0,,,20.0,,14.0,9.0,21.0,,28.0,5.0,11.0,14.0,,,,15.0,22.0,12.0,,,,12.0,,41.0,,10.0,13.0,12.0,17.0,,,11.0,,15.0,16.0,20,10.0
2018_08_03,16.0,,,16.0,17.0,,21.0,16.0,16,18.0,24.0,,13.0,13.0,,25.0,,,16.0,,12.0,9.0,18.0,,30.0,6.0,10.0,14.0,,,,15.0,21.0,20.0,,,,12.0,,38.0,,9.0,11.0,10.0,15.0,,,8.0,,18.0,14.0,18,9.0
2018_08_04,12.0,,,11.0,17.0,,18.0,15.0,14,22.0,20.0,,10.0,13.0,,16.0,,,23.0,,17.0,13.0,22.0,,30.0,8.0,10.0,15.0,,,,10.0,24.0,20.0,,,,12.0,,42.0,,10.0,14.0,10.0,13.0,,,10.0,,21.0,11.0,23,12.0
2018_08_05,10.0,,,11.0,15.0,,17.0,14.0,13,20.0,19.0,,10.0,12.0,,15.0,,,21.0,,17.0,12.0,27.0,,25.0,10.0,10.0,15.0,,,,14.0,18.0,21.0,,,,13.0,,42.0,,8.0,13.0,9.0,11.0,,,14.0,,23.0,15.0,32,15.0
2018_08_06,13.0,,,13.0,16.0,,18.0,16.0,15,20.0,24.0,,11.0,12.0,,16.0,,,19.0,,20.0,12.0,27.0,,21.0,11.0,12.0,15.0,,,,10.0,20.0,12.0,,,,16.0,,46.0,,9.0,15.0,9.0,13.0,,,15.0,,14.0,14.0,25,9.0
2018_08_07,15.0,,,14.0,20.0,,22.0,18.0,20,27.0,29.0,,14.0,15.0,,19.0,,,15.0,,17.0,15.0,23.0,,18.0,12.0,10.0,20.0,,,,11.0,19.0,13.0,,,,14.0,,25.0,,10.0,16.0,9.0,15.0,,,15.0,,24.0,25.0,31,20.0
2018_08_08,25.0,,,18.0,21.0,,30.0,28.0,21,33.0,30.0,,21.0,22.0,,29.0,,,22.0,,18.0,14.0,19.0,,22.0,14.0,13.0,21.0,,,,13.0,19.0,18.0,,,,11.0,,41.0,,10.0,13.0,9.0,15.0,,,15.0,,23.0,18.0,25,15.0
2018_08_09,18.0,,,15.0,18.0,,20.0,17.0,16,23.0,23.0,,17.0,18.0,,26.0,,,16.0,,14.0,11.0,19.0,,18.0,4.0,22.0,15.0,,,,15.0,18.0,18.0,,,,10.0,,26.0,,8.0,10.0,7.0,15.0,,,12.0,,12.0,18.0,25,12.0
2018_08_10,18.0,,,13.0,18.0,,19.0,17.0,15,25.0,25.0,,16.0,13.0,,24.0,,,17.0,,16.0,7.0,21.0,,18.0,6.0,17.0,14.0,,,,16.0,15.0,15.0,,,,6.0,,57.0,,5.0,5.0,5.0,15.0,,,10.0,,11.0,14.0,13,6.0
2018_08_11,11.0,,,11.0,13.0,,15.0,13.0,10,20.0,17.0,,8.0,11.0,,12.0,,,19.0,,13.0,8.0,19.0,,21.0,10.0,,14.0,,,,12.0,15.0,14.0,,,,8.0,,58.0,,6.0,8.0,6.0,9.0,,,9.0,,11.0,10.0,15,7.0
2018_08_12,11.0,,,9.0,13.0,,14.0,11.0,10,16.0,18.0,,9.0,12.0,,14.0,,,15.0,,14.0,10.0,18.0,,20.0,10.0,17.0,14.0,,,,12.0,15.0,15.0,,,,9.0,,74.0,,5.0,10.0,7.0,8.0,,,10.0,,14.0,15.0,17,9.0
2018_08_13,12.0,,,14.0,15.0,,15.0,14.0,14,20.0,20.0,,12.0,12.0,,15.0,,,15.0,,18.0,15.0,22.0,,21.0,10.0,19.0,17.0,,,,14.0,13.0,10.0,,,,9.0,,72.0,,4.0,7.0,6.0,7.0,,,12.0,,21.0,20.0,22,18.0
2018_08_14,11.0,,,11.0,15.0,,16.0,13.0,14,18.0,19.0,,10.0,15.0,,14.0,,,16.0,,14.0,11.0,24.0,,,10.0,16.0,15.0,,,,14.0,15.0,11.0,,,,10.0,,41.0,,4.0,9.0,7.0,10.0,,,13.0,,28.0,30.0,29,20.0
2018_08_15,12.0,,,11.0,15.0,,16.0,13.0,13,22.0,18.0,,10.0,18.0,,14.0,,,15.0,,13.0,9.0,22.0,,,10.0,11.0,14.0,,,,12.0,16.0,20.0,,,,9.0,,36.0,,4.0,10.0,7.0,15.0,,,10.0,,24.0,32.0,34,18.0
2018_08_16,14.0,,,13.0,14.0,,18.0,14.0,14,19.0,19.0,,11.0,12.0,,17.0,,,20.0,,11.0,7.0,17.0,,,9.0,17.0,13.0,,,,13.0,14.0,12.0,,,,9.0,,48.0,,,8.0,7.0,10.0,,,6.0,,23.0,31.0,29,19.0
2018_08_17,13.0,,,9.0,12.0,,17.0,14.0,11,19.0,17.0,,8.0,9.0,,15.0,,,12.0,,9.0,8.0,18.0,,19.0,9.0,14.0,11.0,,,,11.0,17.0,22.0,,,,7.0,,37.0,,3.0,6.0,5.0,9.0,,,9.0,,30.0,32.0,31,26.0
2018_08_18,8.0,,,8.0,10.0,,11.0,9.0,7,14.0,16.0,,7.0,8.0,,21.0,,,14.0,,10.0,9.0,19.0,,16.0,9.0,15.0,12.0,,,,9.0,11.0,10.0,,,,7.0,,,,3.0,5.0,9.0,5.0,,,8.0,,12.0,16.0,18,7.0
2018_08_19,5.0,,,6.0,10.0,,11.0,8.0,9,18.0,18.0,,6.0,11.0,,10.0,,,14.0,,12.0,12.0,17.0,,17.0,7.0,13.0,12.0,,,,11.0,14.0,8.0,,,,8.0,,,,7.0,7.0,6.0,9.0,,,12.0,,24.0,29.0,26,23.0
2018_08_20,8.0,,,13.0,13.0,,15.0,11.0,12,19.0,21.0,,10.0,11.0,,14.0,,,16.0,,17.0,16.0,19.0,,15.0,10.0,19.0,14.0,,,,12.0,18.0,14.0,,,,13.0,,,,8.0,11.0,8.0,12.0,,,13.0,,30.0,34.0,36,26.0
2018_08_21,19.0,,,18.0,23.0,,26.0,22.0,23,32.0,26.0,,16.0,17.0,,25.0,,,14.0,,21.0,17.0,21.0,,15.0,11.0,28.0,18.0,,,,20.0,18.0,14.0,,,,15.0,,28.0,,6.0,9.0,9.0,14.0,,,13.0,,16.0,24.0,22,13.0
2018_08_22,19.0,,,18.0,21.0,,23.0,20.0,19,32.0,25.0,,16.0,18.0,,23.0,,,17.0,,16.0,16.0,18.0,,13.0,9.0,22.0,20.0,,,,14.0,16.0,14.0,,,,14.0,,37.0,,8.0,7.0,6.0,12.0,,,12.0,,9.0,18.0,17,7.0
2018_08_23,18.0,,,19.0,22.0,,25.0,23.0,20,34.0,24.0,,17.0,19.0,,24.0,,,18.0,,20.0,18.0,23.0,,14.0,10.0,26.0,20.0,,,,15.0,17.0,14.0,,,,12.0,,,,9.0,6.0,6.0,12.0,,,10.0,,12.0,25.0,19,10.0
2018_08_24,17.0,,,13.0,19.0,,21.0,17.0,17,29.0,27.0,,15.0,12.0,,20.0,,,12.0,,15.0,10.0,16.0,,15.0,8.0,20.0,12.0,,,,12.0,15.0,11.0,,,,6.0,,10.0,,4.0,7.0,8.0,7.0,,,8.0,,16.0,19.0,30,12.0
2018_08_25,12.0,,,11.0,15.0,,16.0,15.0,13,29.0,18.0,,7.0,16.0,,10.0,,,15.0,,11.0,8.0,19.0,,13.0,8.0,15.0,10.0,,,,10.0,15.0,10.0,,,,6.0,,25.0,,4.0,4.0,5.0,9.0,,,9.0,,21.0,15.0,26,13.0
2018_08_26,11.0,,,10.0,14.0,,15.0,13.0,14,26.0,19.0,,9.0,17.0,,14.0,,,10.0,,13.0,7.0,15.0,,19.0,7.0,19.0,10.0,,,,11.0,15.0,10.0,,,,6.0,,39.0,,4.0,5.0,4.0,9.0,,,9.0,,22.0,16.0,26,16.0
2018_08_27,13.0,,,8.0,15.0,,16.0,16.0,14,27.0,21.0,,11.0,13.0,,17.0,,,8.0,,15.0,7.0,12.0,,15.0,9.0,13.0,15.0,,,,12.0,12.0,8.0,,,,6.0,,,,3.0,6.0,10.0,9.0,,,6.0,,19.0,15.0,29,15.0
2018_08_28,15.0,,,15.0,16.0,,20.0,19.0,17,27.0,22.0,,12.0,14.0,,18.0,,,9.0,,11.0,9.0,16.0,,20.0,10.0,,14.0,,,,16.0,13.0,8.0,,,,8.0,,32.0,,3.0,5.0,6.0,8.0,,,5.0,,14.0,13.0,15,9.0
2018_08_29,20.0,,,19.0,19.0,,25.0,23.0,21,31.0,22.0,,14.0,15.0,,22.0,,,11.0,,12.0,10.0,15.0,,23.0,11.0,,16.0,,,,16.0,16.0,11.0,,,,8.0,,17.0,,4.0,6.0,5.0,10.0,,,7.0,,10.0,10.0,18,5.0
2018_08_30,13.0,,,10.0,11.0,,14.0,13.0,11,23.0,17.0,,9.0,11.0,,15.0,,,12.0,,9.0,5.0,19.0,,21.0,7.0,22.0,11.0,,,,15.0,21.0,21.0,,,,12.0,,40.0,,6.0,9.0,7.0,13.0,,,10.0,,10.0,8.0,14,4.0
2018_08_31,14.0,,,11.0,12.0,,16.0,13.0,12,15.0,19.0,,9.0,10.0,,18.0,,,13.0,,11.0,6.0,23.0,,13.0,7.0,19.0,11.0,,,,14.0,18.0,19.0,,,,7.0,,,,4.0,8.0,7.0,10.0,,,9.0,,11.0,8.0,9,4.0
2018_09_01,14.0,,,12.0,16.0,,20.0,17.0,15,33.0,19.0,,10.0,13.0,,17.0,,,12.0,,13.0,7.0,18.0,,19.0,10.0,20.0,13.0,,,,15.0,15.0,10.0,,,,9.0,,42.0,,5.0,11.0,5.0,9.0,,,10.0,,16.0,12.0,18,12.0
2018_09_02,14.0,,,12.0,15.0,,19.0,15.0,16,36.0,21.0,,12.0,15.0,,19.0,,,17.0,,13.0,8.0,21.0,,18.0,6.0,,11.0,,,,19.0,15.0,12.0,,,,9.0,,42.0,,5.0,10.0,7.0,11.0,,,11.0,,15.0,11.0,15,12.0
2018_09_03,10.0,,,10.0,13.0,,16.0,15.0,14,31.0,18.0,,8.0,12.0,,15.0,,,17.0,,14.0,9.0,19.0,,13.0,7.0,18.0,10.0,,,,16.0,15.0,18.0,,,,8.0,,46.0,,6.0,6.0,4.0,15.0,,,12.0,,13.0,12.0,14,7.0
2018_09_04,11.0,,,7.0,12.0,,15.0,12.0,11,33.0,18.0,,9.0,16.0,,9.0,,,7.0,,11.0,9.0,16.0,,10.0,7.0,18.0,11.0,,,,11.0,14.0,13.0,,,,8.0,,33.0,,4.0,8.0,11.0,12.0,,,10.0,,12.0,9.0,12,7.0
2018_09_05,15.0,,,8.0,14.0,,18.0,16.0,12,28.0,20.0,,10.0,17.0,,13.0,,,11.0,,12.0,6.0,15.0,,14.0,5.0,15.0,9.0,,,,13.0,13.0,9.0,,,,8.0,,23.0,,4.0,10.0,6.0,10.0,,,8.0,,9.0,8.0,15,7.0
2018_09_06,17.0,,,10.0,17.0,,23.0,20.0,16,33.0,23.0,,20.0,20.0,,7.0,,,21.0,,17.0,11.0,15.0,,17.0,13.0,18.0,15.0,,,,19.0,14.0,14.0,,,,12.0,,8.0,,5.0,11.0,7.0,13.0,,,12.0,,11.0,8.0,15,10.0
2018_09_07,19.0,,,19.0,19.0,,23.0,19.0,21,22.0,24.0,,17.0,21.0,,9.0,,,26.0,,18.0,14.0,24.0,,23.0,14.0,21.0,19.0,,,,25.0,19.0,13.0,,,,14.0,,9.0,,8.0,12.0,6.0,16.0,,,18.0,,12.0,10.0,15,6.0
2018_09_08,22.0,,,19.0,22.0,,28.0,25.0,23,41.0,31.0,,24.0,26.0,,12.0,,,36.0,,17.0,15.0,19.0,,27.0,21.0,27.0,25.0,,,,19.0,15.0,10.0,,,,11.0,,5.0,,10.0,10.0,7.0,16.0,,,16.0,,12.0,11.0,15,7.0
2018_09_09,26.0,,,26.0,28.0,,34.0,34.0,32,50.0,32.0,,24.0,31.0,,17.0,,,31.0,,21.0,12.0,17.0,,20.0,16.0,18.0,32.0,,,,14.0,15.0,10.0,,,,12.0,,7.0,,5.0,8.0,6.0,13.0,,,13.0,,16.0,8.0,15,7.0
2018_09_10,29.0,,,27.0,31.0,,39.0,35.0,32,52.0,40.0,,27.0,30.0,,14.0,,,30.0,,15.0,7.0,18.0,,17.0,15.0,13.0,32.0,,,,18.0,17.0,9.0,,,,11.0,,7.0,,4.0,10.0,6.0,13.0,,,14.0,,13.0,9.0,11,8.0
2018_09_11,17.0,,,13.0,16.0,,21.0,17.0,16,29.0,21.0,,16.0,18.0,,30.0,,,28.0,,12.0,11.0,26.0,,9.0,13.0,10.0,16.0,,,,23.0,15.0,11.0,,,,12.0,,10.0,,6.0,13.0,8.0,14.0,,,17.0,,16.0,9.0,13,8.0
2018_09_12,18.0,,,17.0,18.0,,21.0,19.0,17,,25.0,,15.0,21.0,,15.0,,,28.0,,13.0,11.0,26.0,,7.0,12.0,7.0,14.0,,,,18.0,13.0,15.0,,,,11.0,,11.0,,8.0,11.0,7.0,14.0,,,16.0,,16.0,9.0,13,8.0
2018_09_13,18.0,,,15.0,17.0,,22.0,17.0,16,19.0,23.0,,16.0,25.0,,22.0,,,18.0,,,13.0,20.0,,12.0,12.0,6.0,10.0,,,,16.0,14.0,20.0,,,,12.0,,9.0,,8.0,9.0,6.0,13.0,,,18.0,,15.0,11.0,14,6.0
2018_09_14,13.0,,,10.0,15.0,,18.0,17.0,15,30.0,17.0,,15.0,22.0,,15.0,,,15.0,,,8.0,23.0,,10.0,10.0,4.0,10.0,,,,15.0,10.0,12.0,,,,15.0,,8.0,,5.0,14.0,9.0,13.0,,,15.0,,12.0,11.0,12,6.0
2018_09_15,14.0,,,11.0,14.0,,21.0,17.0,17,32.0,22.0,,14.0,20.0,,18.0,,,18.0,,15.0,6.0,27.0,,,7.0,6.0,10.0,,,,15.0,12.0,14.0,,,,16.0,,13.0,,6.0,13.0,14.0,19.0,,,14.0,,9.0,6.0,8,5.0
2018_09_16,14.0,,,9.0,16.0,,20.0,16.0,20,34.0,21.0,,13.0,19.0,,7.0,,,17.0,,10.0,6.0,25.0,,11.0,6.0,15.0,13.0,,,,18.0,15.0,16.0,,,,17.0,,17.0,,9.0,14.0,10.0,21.0,,,12.0,,8.0,6.0,9,6.0
2018_09_17,10.0,,,10.0,10.0,,16.0,15.0,13,13.0,19.0,,8.0,8.0,,8.0,,,16.0,,9.0,5.0,24.0,,9.0,6.0,7.0,7.0,,,,14.0,15.0,18.0,,,,16.0,,14.0,,8.0,15.0,11.0,15.0,,,11.0,,10.0,10.0,12,8.0
2018_09_18,8.0,,,7.0,9.0,,13.0,12.0,11,19.0,19.0,,6.0,10.0,,9.0,,,16.0,,12.0,9.0,20.0,,15.0,6.0,16.0,10.0,,,,13.0,9.0,9.0,,,,14.0,,,,6.0,8.0,8.0,12.0,,,12.0,,9.0,12.0,13,7.0
2018_09_19,8.0,,,12.0,14.0,,16.0,11.0,15,23.0,18.0,,10.0,15.0,,7.0,,,17.0,,11.0,8.0,21.0,,15.0,9.0,14.0,9.0,,,,15.0,8.0,10.0,,,,9.0,,7.0,,5.0,8.0,5.0,8.0,,,13.0,,10.0,13.0,17,9.0
2018_09_20,21.0,,,16.0,20.0,,25.0,21.0,26,31.0,27.0,,21.0,26.0,,33.0,,,31.0,,13.0,7.0,18.0,,16.0,14.0,19.0,22.0,,,,20.0,9.0,8.0,,,,10.0,,7.0,,4.0,11.0,6.0,10.0,,,15.0,,8.0,8.0,17,7.0
2018_09_21,27.0,,,19.0,30.0,,31.0,27.0,28,38.0,37.0,,29.0,23.0,,52.0,,,35.0,,18.0,9.0,19.0,,29.0,21.0,33.0,31.0,,,,25.0,10.0,13.0,,,,12.0,,9.0,,4.0,9.0,4.0,15.0,,,16.0,,17.0,12.0,14,7.0
2018_09_22,19.0,,,17.0,21.0,,24.0,27.0,22,32.0,29.0,,20.0,22.0,,35.0,,,34.0,,22.0,12.0,21.0,,25.0,18.0,23.0,21.0,,,,20.0,14.0,14.0,,,,13.0,,13.0,,5.0,9.0,6.0,19.0,,,14.0,,13.0,7.0,13,7.0
2018_09_23,14.0,,,13.0,19.0,,20.0,20.0,16,29.0,25.0,,16.0,19.0,,19.0,,,25.0,,23.0,16.0,16.0,,17.0,11.0,14.0,13.0,,,,13.0,17.0,14.0,,,,13.0,,13.0,,5.0,10.0,8.0,15.0,,,15.0,,12.0,10.0,11,7.0
2018_09_24,17.0,,,15.0,19.0,,25.0,21.0,18,36.0,26.0,,15.0,19.0,,22.0,,,23.0,,19.0,15.0,20.0,,14.0,10.0,17.0,18.0,,,,12.0,16.0,12.0,,,,11.0,,13.0,,7.0,10.0,7.0,15.0,,,16.0,,14.0,12.0,17,10.0
2018_09_25,16.0,,,13.0,12.0,,26.0,19.0,18,32.0,25.0,,13.0,16.0,,22.0,,,19.0,,10.0,8.0,24.0,,13.0,12.0,18.0,14.0,,,,14.0,15.0,12.0,,,,12.0,,12.0,,7.0,16.0,9.0,14.0,,,15.0,,17.0,16.0,16,13.0
2018_09_26,13.0,,,9.0,10.0,,16.0,15.0,13,18.0,19.0,,8.0,15.0,,14.0,,,20.0,,10.0,7.0,32.0,,20.0,7.0,9.0,13.0,,,,21.0,13.0,9.0,,,,10.0,,11.0,,7.0,15.0,11.0,15.0,,,14.0,,17.0,16.0,21,13.0
2018_09_27,11.0,,,7.0,8.0,,16.0,13.0,12,17.0,17.0,,9.0,14.0,,11.0,,,24.0,,11.0,5.0,36.0,,17.0,6.0,14.0,16.0,,,,25.0,15.0,9.0,,,,12.0,,13.0,,8.0,14.0,9.0,15.0,,,14.0,,20.0,16.0,21,13.0
2018_09_28,15.0,,,15.0,12.0,,22.0,18.0,18,26.0,24.0,,15.0,16.0,,18.0,,,30.0,,12.0,10.0,34.0,,13.0,8.0,18.0,17.0,,,,24.0,16.0,8.0,,,,13.0,,14.0,,7.0,14.0,9.0,13.0,,,16.0,,11.0,11.0,14,6.0
2018_09_29,23.0,,,24.0,19.0,,30.0,23.0,27,40.0,29.0,,20.0,24.0,,19.0,,,31.0,,20.0,18.0,20.0,,16.0,9.0,17.0,22.0,,,,18.0,17.0,7.0,,,,10.0,,9.0,,6.0,8.0,7.0,10.0,,,13.0,,11.0,12.0,22,6.0
2018_09_30,12.0,,,8.0,8.0,,18.0,16.0,13,,27.0,,18.0,14.0,,30.0,,,18.0,,14.0,11.0,24.0,,22.0,12.0,19.0,13.0,,,,9.0,16.0,9.0,,,,10.0,,6.0,,7.0,8.0,7.0,13.0,,,15.0,,18.0,20.0,27,14.0
2018_10_01,10.0,,,12.0,9.0,,19.0,15.0,16,,21.0,,11.0,14.0,,27.0,,9.0,25.0,11.0,18.0,14.0,39.0,10.0,21.0,15.0,19.0,21.0,,,9.0,11.0,19.0,14.0,,,,10.0,,5.0,,5.0,7.0,6.0,16.0,,,12.0,15.0,22.0,25.0,22,18.0
2018_10_02,17.0,,,15.0,16.0,,24.0,21.0,24,33.0,26.0,,18.0,20.0,,35.0,,17.0,33.0,20.0,15.0,12.0,41.0,23.0,14.0,11.0,11.0,16.0,,,16.0,21.0,15.0,13.0,,,,11.0,,10.0,,5.0,11.0,14.0,9.0,,,11.0,8.0,16.0,20.0,17,11.0
2018_10_03,28.0,,,28.0,27.0,,38.0,38.0,36,47.0,43.0,,27.0,26.0,,62.0,,21.0,40.0,29.0,21.0,21.0,48.0,27.0,19.0,14.0,20.0,17.0,,15.0,16.0,21.0,18.0,10.0,,,,14.0,,17.0,,5.0,21.0,23.0,12.0,,,16.0,10.0,14.0,10.0,15,10.0
2018_10_04,22.0,,,24.0,24.0,,38.0,38.0,32,49.0,44.0,,25.0,25.0,,53.0,,28.0,36.0,30.0,37.0,31.0,51.0,26.0,19.0,17.0,15.0,22.0,,16.0,20.0,24.0,27.0,7.0,,,,22.0,,22.0,,11.0,25.0,25.0,22.0,,,23.0,7.0,9.0,11.0,11,9.0
2018_10_05,12.0,,,11.0,10.0,,17.0,15.0,15,27.0,21.0,,13.0,16.0,,24.0,,22.0,29.0,26.0,15.0,22.0,58.0,32.0,15.0,8.0,11.0,9.0,,7.0,12.0,16.0,35.0,8.0,,,,28.0,,27.0,,16.0,27.0,28.0,27.0,,,28.0,8.0,17.0,11.0,13,14.0
2018_10_06,16.0,,,15.0,16.0,,22.0,21.0,19,35.0,25.0,,17.0,18.0,,30.0,,13.0,29.0,19.0,19.0,15.0,61.0,30.0,13.0,7.0,13.0,14.0,,12.0,15.0,18.0,35.0,9.0,,,,28.0,,29.0,,16.0,29.0,22.0,35.0,,,31.0,14.0,15.0,10.0,18,15.0
2018_10_07,18.0,,,18.0,18.0,,26.0,25.0,25,35.0,29.0,,21.0,21.0,,33.0,,11.0,27.0,19.0,22.0,15.0,55.0,29.0,16.0,8.0,14.0,21.0,,19.0,11.0,19.0,35.0,10.0,,,,29.0,,29.0,,14.0,31.0,21.0,33.0,,,32.0,10.0,5.0,7.0,11,8.0
2018_10_08,17.0,,,22.0,22.0,,30.0,30.0,28,43.0,36.0,,23.0,23.0,,38.0,,19.0,32.0,22.0,25.0,17.0,55.0,27.0,20.0,12.0,15.0,18.0,,15.0,25.0,28.0,35.0,8.0,,,,29.0,,28.0,,13.0,29.0,19.0,31.0,,,31.0,11.0,,8.0,12,6.0
2018_10_09,24.0,,,19.0,22.0,,30.0,26.0,25,42.0,30.0,,21.0,28.0,,41.0,,18.0,38.0,23.0,21.0,26.0,54.0,27.0,21.0,16.0,20.0,21.0,,18.0,28.0,34.0,35.0,8.0,,,,30.0,,23.0,,11.0,26.0,18.0,31.0,,,31.0,8.0,,8.0,12,7.0
2018_10_10,29.0,,,23.0,25.0,,33.0,32.0,32,42.0,39.0,,28.0,31.0,,38.0,,31.0,41.0,24.0,31.0,36.0,41.0,23.0,23.0,20.0,30.0,28.0,,27.0,26.0,16.0,29.0,11.0,,,,27.0,,15.0,,12.0,23.0,9.0,29.0,,,25.0,14.0,,15.0,18,14.0
2018_10_11,23.0,,,24.0,21.0,,30.0,27.0,31,38.0,33.0,,27.0,30.0,,50.0,,24.0,33.0,19.0,39.0,28.0,25.0,16.0,27.0,20.0,24.0,25.0,,22.0,17.0,18.0,19.0,8.0,,,,14.0,,8.0,,10.0,16.0,7.0,20.0,,,21.0,18.0,,15.0,19,15.0
2018_10_12,16.0,,,15.0,13.0,,19.0,19.0,19,29.0,26.0,,16.0,20.0,,44.0,,18.0,26.0,19.0,31.0,22.0,32.0,14.0,17.0,14.0,12.0,17.0,,16.0,14.0,15.0,25.0,7.0,,,,13.0,,11.0,,11.0,13.0,8.0,17.0,,,27.0,22.0,,9.0,13,14.0
2018_10_13,27.0,,,22.0,23.0,,33.0,33.0,30,45.0,39.0,,25.0,27.0,,38.0,,21.0,26.0,22.0,22.0,24.0,30.0,17.0,16.0,16.0,13.0,22.0,,13.0,11.0,15.0,20.0,7.0,,,,15.0,,10.0,,9.0,15.0,8.0,16.0,,,23.0,19.0,,9.0,12,9.0
2018_10_14,26.0,,,20.0,19.0,,33.0,33.0,25,40.0,37.0,,29.0,25.0,,49.0,,21.0,27.0,19.0,27.0,23.0,21.0,20.0,18.0,13.0,13.0,24.0,,15.0,10.0,13.0,22.0,12.0,,,,14.0,,12.0,,8.0,16.0,9.0,20.0,,,22.0,18.0,,12.0,16,7.0
2018_10_15,12.0,,,14.0,14.0,,23.0,19.0,19,26.0,23.0,,12.0,15.0,,16.0,,16.0,29.0,19.0,23.0,25.0,32.0,20.0,14.0,10.0,10.0,22.0,,16.0,10.0,16.0,21.0,10.0,,,,17.0,,15.0,,9.0,18.0,10.0,18.0,,,19.0,14.0,18.0,13.0,16,7.0
2018_10_16,12.0,,,10.0,13.0,,17.0,15.0,19,27.0,23.0,,9.0,17.0,,13.0,,19.0,35.0,21.0,18.0,20.0,25.0,17.0,18.0,13.0,10.0,19.0,,15.0,10.0,15.0,23.0,6.0,,,,20.0,,13.0,,7.0,18.0,10.0,17.0,,,16.0,12.0,12.0,8.0,12,6.0
2018_10_17,12.0,19.0,20.0,11.0,18.0,38.0,22.0,17.0,19,33.0,22.0,15.0,8.0,15.0,,16.0,21.0,17.0,27.0,18.0,17.0,10.0,20.0,13.0,15.0,9.0,14.0,16.0,18.0,13.0,10.0,18.0,20.0,9.0,14.0,12.0,12.0,15.0,17.0,11.0,10.0,10.0,18.0,10.0,16.0,14.0,16.0,15.0,7.0,15.0,7.0,11,15.0
2018_10_18,21.0,,19.0,16.0,16.0,33.0,27.0,24.0,22,34.0,28.0,20.0,16.0,21.0,,14.0,20.0,18.0,28.0,21.0,12.0,10.0,12.0,10.0,18.0,14.0,18.0,20.0,23.0,12.0,11.0,15.0,20.0,8.0,14.0,12.0,11.0,12.0,17.0,15.0,11.0,11.0,21.0,9.0,19.0,13.0,14.0,18.0,6.0,13.0,9.0,10,4.0
2018_10_19,32.0,,26.0,22.0,24.0,37.0,39.0,30.0,31,41.0,40.0,30.0,28.0,27.0,,20.0,25.0,21.0,27.0,22.0,20.0,19.0,22.0,11.0,22.0,15.0,22.0,28.0,27.0,19.0,12.0,14.0,21.0,9.0,14.0,13.0,10.0,14.0,17.0,18.0,11.0,9.0,13.0,5.0,21.0,15.0,14.0,19.0,10.0,9.0,11.0,12,14.0
2018_10_20,28.0,,21.0,19.0,22.0,39.0,29.0,22.0,29,44.0,32.0,22.0,27.0,29.0,,20.0,18.0,12.0,24.0,22.0,15.0,10.0,22.0,13.0,17.0,9.0,,23.0,19.0,15.0,9.0,7.0,24.0,12.0,13.0,7.0,8.0,15.0,13.0,20.0,15.0,10.0,13.0,5.0,21.0,12.0,16.0,18.0,12.0,12.0,10.0,12,6.0
2018_10_21,7.0,8.0,12.0,7.0,8.0,14.0,14.0,13.0,11,28.0,17.0,10.0,9.0,13.0,,19.0,12.0,8.0,15.0,11.0,8.0,8.0,19.0,10.0,10.0,4.0,12.0,10.0,7.0,7.0,8.0,3.0,19.0,11.0,12.0,6.0,7.0,11.0,,13.0,11.0,9.0,9.0,9.0,18.0,10.0,12.0,10.0,10.0,10.0,9.0,14,8.0
2018_10_22,9.0,12.0,16.0,14.0,12.0,22.0,18.0,14.0,17,25.0,19.0,11.0,12.0,15.0,,18.0,19.0,10.0,20.0,14.0,14.0,12.0,20.0,,12.0,6.0,17.0,12.0,11.0,10.0,9.0,6.0,15.0,11.0,5.0,5.0,4.0,5.0,9.0,5.0,8.0,6.0,6.0,4.0,8.0,5.0,7.0,13.0,12.0,15.0,12.0,18,8.0
2018_10_23,17.0,17.0,18.0,13.0,15.0,43.0,21.0,20.0,23,31.0,29.0,18.0,15.0,19.0,,25.0,18.0,13.0,28.0,17.0,12.0,10.0,20.0,7.0,16.0,10.0,16.0,18.0,17.0,17.0,9.0,12.0,14.0,,6.0,6.0,5.0,9.0,12.0,8.0,,4.0,7.0,5.0,9.0,9.0,8.0,12.0,5.0,,16.0,13,5.0
2018_10_24,20.0,17.0,22.0,16.0,19.0,36.0,27.0,25.0,28,43.0,33.0,19.0,24.0,23.0,,32.0,16.0,13.0,30.0,12.0,13.0,9.0,23.0,8.0,23.0,14.0,21.0,21.0,16.0,18.0,10.0,9.0,15.0,,7.0,6.0,7.0,9.0,17.0,5.0,7.0,4.0,10.0,4.0,7.0,7.0,6.0,12.0,9.0,,7.0,10,5.0
2018_10_25,28.0,26.0,28.0,26.0,26.0,46.0,33.0,36.0,34,45.0,40.0,28.0,38.0,31.0,,49.0,22.0,20.0,35.0,16.0,19.0,18.0,30.0,11.0,23.0,12.0,22.0,25.0,20.0,20.0,16.0,19.0,16.0,12.0,11.0,6.0,10.0,12.0,13.0,6.0,9.0,4.0,9.0,5.0,11.0,8.0,9.0,13.0,11.0,,7.0,11,6.0
2018_10_26,22.0,21.0,22.0,20.0,20.0,35.0,26.0,26.0,27,40.0,29.0,19.0,27.0,30.0,,41.0,18.0,19.0,42.0,19.0,20.0,15.0,29.0,12.0,27.0,17.0,30.0,24.0,27.0,13.0,15.0,10.0,19.0,12.0,13.0,,8.0,15.0,11.0,7.0,6.0,5.0,10.0,7.0,16.0,10.0,9.0,14.0,8.0,,10.0,14,6.0
2018_10_27,20.0,20.0,21.0,21.0,19.0,28.0,29.0,23.0,26,35.0,32.0,25.0,36.0,25.0,,53.0,17.0,17.0,31.0,18.0,25.0,19.0,27.0,13.0,20.0,19.0,31.0,23.0,28.0,16.0,12.0,14.0,20.0,11.0,14.0,9.0,8.0,12.0,16.0,11.0,8.0,7.0,14.0,7.0,17.0,11.0,11.0,18.0,10.0,,10.0,14,7.0
2018_10_28,14.0,19.0,22.0,13.0,15.0,16.0,19.0,15.0,23,27.0,23.0,16.0,25.0,21.0,,40.0,21.0,22.0,25.0,21.0,28.0,22.0,27.0,13.0,26.0,22.0,29.0,18.0,19.0,14.0,15.0,19.0,22.0,13.0,14.0,6.0,8.0,13.0,15.0,12.0,10.0,9.0,14.0,6.0,21.0,13.0,12.0,16.0,12.0,,12.0,17,9.0
2018_10_29,23.0,26.0,25.0,19.0,21.0,44.0,26.0,26.0,31,34.0,32.0,24.0,38.0,25.0,,54.0,25.0,28.0,30.0,24.0,27.0,25.0,32.0,18.0,28.0,23.0,31.0,21.0,21.0,22.0,21.0,25.0,23.0,17.0,18.0,8.0,8.0,16.0,18.0,15.0,10.0,10.0,12.0,7.0,22.0,14.0,12.0,18.0,13.0,11.0,10.0,15,10.0
2018_10_30,24.0,22.0,22.0,21.0,22.0,30.0,25.0,23.0,30,31.0,32.0,23.0,29.0,26.0,25.0,45.0,24.0,25.0,39.0,29.0,35.0,29.0,38.0,22.0,27.0,21.0,34.0,26.0,25.0,27.0,26.0,24.0,20.0,22.0,17.0,10.0,9.0,17.0,23.0,13.0,9.0,10.0,11.0,9.0,19.0,16.0,12.0,21.0,20.0,14.0,14.0,18,13.0
2018_10_31,29.0,,28.0,27.0,28.0,30.0,29.0,27.0,30,30.0,36.0,27.0,35.0,31.0,32.0,43.0,30.0,31.0,46.0,33.0,44.0,39.0,45.0,24.0,30.0,26.0,35.0,27.0,25.0,31.0,26.0,31.0,24.0,24.0,17.0,14.0,13.0,20.0,26.0,13.0,11.0,13.0,18.0,15.0,21.0,22.0,15.0,32.0,25.0,23.0,20.0,25,14.0
2018_11_01,34.0,,34.0,30.0,35.0,33.0,35.0,36.0,40,37.0,42.0,34.0,42.0,37.0,44.0,68.0,39.0,34.0,40.0,37.0,45.0,42.0,40.0,24.0,29.0,26.0,36.0,29.0,24.0,33.0,28.0,35.0,27.0,27.0,18.0,13.0,13.0,20.0,34.0,17.0,11.0,14.0,21.0,15.0,24.0,21.0,15.0,29.0,23.0,20.0,20.0,25,17.0
2018_11_02,39.0,,33.0,35.0,40.0,47.0,40.0,44.0,46,47.0,46.0,39.0,58.0,35.0,46.0,71.0,40.0,34.0,41.0,36.0,38.0,39.0,41.0,21.0,35.0,33.0,43.0,32.0,26.0,36.0,28.0,33.0,29.0,22.0,21.0,14.0,14.0,24.0,37.0,19.0,17.0,16.0,20.0,14.0,26.0,19.0,20.0,31.0,28.0,,12.0,16,16.0
2018_11_03,42.0,42.0,41.0,37.0,40.0,55.0,47.0,50.0,49,52.0,58.0,45.0,58.0,46.0,48.0,70.0,43.0,35.0,39.0,37.0,37.0,38.0,46.0,25.0,38.0,35.0,42.0,29.0,31.0,31.0,29.0,38.0,31.0,23.0,24.0,14.0,13.0,25.0,33.0,24.0,21.0,14.0,22.0,15.0,29.0,22.0,22.0,35.0,21.0,7.0,9.0,11,7.0
2018_11_04,42.0,43.0,41.0,40.0,57.0,47.0,46.0,44.0,55,52.0,53.0,42.0,53.0,53.0,45.0,59.0,45.0,41.0,44.0,32.0,40.0,36.0,49.0,21.0,43.0,38.0,46.0,38.0,32.0,36.0,26.0,39.0,29.0,33.0,23.0,15.0,13.0,24.0,33.0,23.0,26.0,14.0,21.0,13.0,34.0,23.0,21.0,32.0,9.0,7.0,8.0,12,5.0
2018_11_05,43.0,44.0,38.0,36.0,35.0,46.0,44.0,44.0,49,49.0,50.0,40.0,51.0,48.0,50.0,68.0,39.0,40.0,44.0,33.0,38.0,37.0,46.0,22.0,49.0,36.0,43.0,41.0,32.0,36.0,30.0,31.0,28.0,25.0,23.0,13.0,13.0,23.0,34.0,20.0,21.0,12.0,20.0,10.0,30.0,23.0,21.0,35.0,15.0,15.0,3.0,13,10.0
2018_11_06,32.0,34.0,30.0,38.0,36.0,43.0,39.0,37.0,44,47.0,42.0,34.0,43.0,36.0,42.0,60.0,32.0,30.0,31.0,29.0,33.0,32.0,31.0,20.0,40.0,31.0,,26.0,22.0,29.0,22.0,26.0,25.0,26.0,21.0,12.0,13.0,23.0,32.0,21.0,18.0,13.0,20.0,11.0,29.0,24.0,19.0,31.0,23.0,,6.0,17,9.0
2018_11_07,23.0,26.0,24.0,23.0,26.0,34.0,29.0,27.0,34,35.0,33.0,24.0,34.0,28.0,33.0,56.0,23.0,23.0,25.0,20.0,27.0,26.0,23.0,20.0,29.0,29.0,30.0,20.0,21.0,24.0,16.0,19.0,23.0,20.0,21.0,11.0,14.0,23.0,28.0,21.0,19.0,16.0,22.0,11.0,26.0,23.0,21.0,25.0,22.0,,7.0,15,11.0
2018_11_08,18.0,20.0,20.0,16.0,18.0,22.0,20.0,20.0,27,26.0,25.0,19.0,25.0,22.0,24.0,36.0,,18.0,24.0,18.0,28.0,24.0,22.0,15.0,23.0,21.0,24.0,17.0,12.0,14.0,14.0,20.0,22.0,16.0,19.0,12.0,12.0,21.0,21.0,20.0,15.0,15.0,19.0,11.0,28.0,19.0,21.0,22.0,7.0,,7.0,11,11.0
2018_11_09,16.0,19.0,18.0,14.0,18.0,23.0,21.0,20.0,28,30.0,26.0,17.0,27.0,20.0,26.0,42.0,,15.0,26.0,21.0,25.0,21.0,21.0,12.0,20.0,20.0,22.0,16.0,15.0,13.0,12.0,19.0,19.0,12.0,16.0,7.0,10.0,18.0,12.0,19.0,15.0,12.0,19.0,9.0,23.0,16.0,18.0,17.0,7.0,,11.0,12,8.0
2018_11_10,20.0,22.0,17.0,17.0,22.0,27.0,24.0,30.0,26,38.0,29.0,17.0,20.0,24.0,25.0,42.0,17.0,13.0,28.0,18.0,24.0,15.0,22.0,12.0,20.0,16.0,25.0,22.0,21.0,17.0,10.0,18.0,14.0,12.0,10.0,5.0,6.0,13.0,9.0,18.0,18.0,9.0,14.0,7.0,15.0,9.0,14.0,16.0,6.0,,9.0,13,5.0
2018_11_11,22.0,18.0,22.0,18.0,21.0,29.0,27.0,26.0,29,33.0,31.0,21.0,18.0,28.0,28.0,35.0,21.0,18.0,25.0,16.0,21.0,16.0,22.0,10.0,25.0,,26.0,21.0,20.0,14.0,14.0,16.0,12.0,10.0,7.0,7.0,5.0,10.0,10.0,6.0,7.0,6.0,9.0,3.0,17.0,9.0,9.0,18.0,12.0,,9.0,14,5.0
2018_11_12,37.0,,30.0,28.0,29.0,50.0,38.0,32.0,35,42.0,45.0,34.0,32.0,34.0,45.0,51.0,28.0,22.0,35.0,19.0,23.0,22.0,31.0,10.0,35.0,,35.0,37.0,32.0,28.0,17.0,19.0,13.0,10.0,6.0,6.0,6.0,7.0,17.0,8.0,9.0,6.0,11.0,6.0,13.0,8.0,8.0,14.0,11.0,,14.0,16,8.0
2018_11_13,46.0,,38.0,41.0,38.0,55.0,44.0,52.0,46,56.0,54.0,45.0,33.0,42.0,47.0,47.0,36.0,22.0,34.0,23.0,28.0,24.0,25.0,10.0,50.0,,46.0,47.0,42.0,32.0,16.0,27.0,14.0,16.0,8.0,5.0,7.0,9.0,12.0,11.0,10.0,6.0,10.0,5.0,14.0,11.0,10.0,14.0,11.0,,13.0,20,9.0
2018_11_14,44.0,37.0,35.0,32.0,35.0,62.0,40.0,47.0,44,51.0,54.0,43.0,43.0,48.0,52.0,56.0,32.0,25.0,39.0,25.0,25.0,23.0,27.0,7.0,33.0,,45.0,44.0,35.0,32.0,22.0,34.0,16.0,18.0,10.0,6.0,9.0,12.0,25.0,12.0,10.0,7.0,13.0,5.0,20.0,12.0,11.0,18.0,12.0,,10.0,20,7.0
2018_11_15,39.0,32.0,40.0,38.0,36.0,59.0,51.0,49.0,42,61.0,54.0,35.0,34.0,34.0,52.0,40.0,35.0,28.0,41.0,20.0,28.0,28.0,27.0,13.0,32.0,,40.0,37.0,35.0,30.0,16.0,30.0,16.0,18.0,10.0,8.0,10.0,11.0,23.0,11.0,13.0,11.0,13.0,7.0,17.0,15.0,11.0,14.0,16.0,,11.0,16,6.0
2018_11_16,21.0,21.0,24.0,19.0,23.0,44.0,28.0,26.0,27,41.0,30.0,19.0,13.0,24.0,43.0,20.0,32.0,27.0,31.0,26.0,26.0,28.0,27.0,15.0,26.0,25.0,27.0,25.0,26.0,19.0,16.0,25.0,18.0,18.0,13.0,8.0,10.0,13.0,26.0,15.0,13.0,11.0,16.0,11.0,22.0,19.0,16.0,15.0,13.0,,10.0,14,9.0
2018_11_17,20.0,21.0,20.0,17.0,21.0,39.0,25.0,24.0,25,37.0,26.0,16.0,11.0,20.0,38.0,18.0,28.0,24.0,39.0,19.0,21.0,28.0,34.0,14.0,26.0,45.0,,23.0,23.0,16.0,18.0,22.0,21.0,18.0,13.0,11.0,10.0,16.0,25.0,15.0,15.0,9.0,16.0,8.0,22.0,21.0,18.0,17.0,11.0,,11.0,18,11.0
2018_11_18,26.0,27.0,30.0,24.0,32.0,32.0,37.0,32.0,33,43.0,33.0,26.0,18.0,23.0,32.0,20.0,27.0,18.0,41.0,26.0,22.0,28.0,30.0,9.0,30.0,37.0,,22.0,19.0,18.0,16.0,19.0,21.0,17.0,16.0,11.0,12.0,16.0,22.0,16.0,16.0,11.0,15.0,12.0,21.0,19.0,17.0,19.0,13.0,,10.0,18,11.0
2018_11_19,30.0,28.0,31.0,29.0,33.0,43.0,40.0,38.0,39,45.0,37.0,30.0,29.0,31.0,37.0,50.0,25.0,16.0,31.0,17.0,29.0,30.0,27.0,11.0,23.0,27.0,,27.0,25.0,21.0,11.0,20.0,23.0,18.0,16.0,11.0,13.0,16.0,20.0,22.0,20.0,11.0,17.0,10.0,23.0,15.0,19.0,20.0,16.0,,12.0,16,10.0
2018_11_20,25.0,19.0,25.0,25.0,22.0,42.0,35.0,40.0,28,45.0,42.0,30.0,18.0,20.0,50.0,42.0,23.0,17.0,42.0,20.0,22.0,22.0,34.0,15.0,18.0,15.0,20.0,18.0,14.0,13.0,14.0,14.0,24.0,,16.0,11.0,16.0,18.0,28.0,22.0,21.0,10.0,18.0,10.0,26.0,18.0,19.0,24.0,15.0,,12.0,15,9.0
2018_11_21,33.0,25.0,34.0,29.0,29.0,60.0,37.0,46.0,41,51.0,51.0,32.0,31.0,29.0,48.0,53.0,34.0,25.0,44.0,18.0,22.0,22.0,40.0,17.0,23.0,13.0,32.0,30.0,28.0,22.0,19.0,23.0,22.0,,15.0,11.0,13.0,19.0,22.0,19.0,13.0,10.0,18.0,8.0,26.0,18.0,19.0,27.0,6.0,,12.0,14,8.0
2018_11_22,35.0,32.0,34.0,31.0,33.0,60.0,36.0,42.0,40,43.0,48.0,28.0,29.0,36.0,48.0,50.0,33.0,27.0,48.0,21.0,31.0,31.0,22.0,15.0,31.0,14.0,38.0,29.0,32.0,28.0,20.0,27.0,23.0,,18.0,12.0,13.0,21.0,21.0,19.0,11.0,10.0,17.0,9.0,27.0,19.0,20.0,29.0,13.0,,17.0,20,11.0
2018_11_23,20.0,24.0,27.0,22.0,25.0,37.0,30.0,33.0,29,45.0,33.0,20.0,17.0,20.0,29.0,50.0,24.0,23.0,22.0,19.0,27.0,24.0,25.0,12.0,25.0,11.0,24.0,15.0,18.0,18.0,15.0,20.0,24.0,18.0,17.0,12.0,13.0,19.0,18.0,23.0,21.0,12.0,16.0,8.0,28.0,19.0,22.0,22.0,16.0,,17.0,22,10.0
2018_11_24,26.0,22.0,21.0,17.0,27.0,34.0,30.0,27.0,30,33.0,38.0,25.0,,26.0,26.0,58.0,26.0,23.0,29.0,19.0,26.0,24.0,31.0,12.0,26.0,8.0,24.0,16.0,16.0,20.0,16.0,24.0,23.0,17.0,16.0,12.0,12.0,17.0,20.0,26.0,27.0,14.0,17.0,9.0,22.0,17.0,19.0,21.0,19.0,,14.0,20,12.0
2018_11_25,32.0,33.0,29.0,27.0,36.0,42.0,35.0,38.0,48,38.0,40.0,29.0,,33.0,32.0,63.0,30.0,30.0,34.0,25.0,29.0,32.0,31.0,17.0,28.0,10.0,34.0,18.0,21.0,23.0,19.0,28.0,23.0,14.0,16.0,13.0,12.0,21.0,29.0,25.0,17.0,10.0,16.0,11.0,23.0,19.0,25.0,27.0,24.0,,17.0,22,13.0
2018_11_26,32.0,33.0,29.0,29.0,33.0,40.0,35.0,36.0,46,38.0,42.0,30.0,,33.0,41.0,,28.0,26.0,30.0,29.0,32.0,30.0,41.0,24.0,26.0,11.0,36.0,22.0,21.0,24.0,16.0,29.0,23.0,15.0,15.0,12.0,12.0,17.0,31.0,19.0,15.0,11.0,18.0,9.0,24.0,20.0,22.0,28.0,25.0,,19.0,25,20.0
2018_11_27,26.0,28.0,30.0,27.0,26.0,32.0,31.0,32.0,35,35.0,35.0,26.0,18.0,25.0,31.0,47.0,30.0,26.0,30.0,29.0,36.0,33.0,45.0,30.0,23.0,13.0,29.0,20.0,22.0,20.0,17.0,23.0,24.0,14.0,14.0,12.0,10.0,19.0,34.0,23.0,13.0,12.0,20.0,17.0,24.0,25.0,23.0,26.0,19.0,,22.0,28,16.0
2018_11_28,21.0,20.0,20.0,18.0,34.0,20.0,25.0,25.0,32,29.0,29.0,18.0,13.0,26.0,,33.0,21.0,19.0,28.0,21.0,39.0,26.0,35.0,34.0,20.0,19.0,22.0,19.0,18.0,18.0,23.0,27.0,21.0,15.0,19.0,18.0,13.0,23.0,31.0,29.0,19.0,13.0,24.0,16.0,31.0,27.0,27.0,30.0,7.0,,18.0,24,8.0
2018_11_29,31.0,30.0,30.0,25.0,24.0,41.0,33.0,39.0,39,42.0,48.0,36.0,25.0,35.0,,58.0,28.0,25.0,35.0,,38.0,32.0,38.0,21.0,29.0,19.0,34.0,26.0,16.0,25.0,22.0,28.0,27.0,19.0,21.0,20.0,18.0,25.0,39.0,33.0,17.0,14.0,19.0,16.0,29.0,30.0,33.0,34.0,7.0,,11.0,16,8.0
2018_11_30,37.0,38.0,40.0,39.0,27.0,48.0,41.0,46.0,48,51.0,47.0,38.0,27.0,35.0,42.0,73.0,40.0,33.0,40.0,,42.0,34.0,39.0,23.0,27.0,18.0,36.0,23.0,24.0,26.0,19.0,31.0,28.0,24.0,24.0,20.0,18.0,27.0,33.0,34.0,24.0,15.0,19.0,18.0,29.0,28.0,29.0,31.0,13.0,,15.0,16,10.0
2018_12_01,40.0,37.0,36.0,34.0,34.0,55.0,40.0,51.0,46,49.0,49.0,40.0,33.0,37.0,55.0,72.0,31.0,42.0,41.0,25.0,36.0,34.0,32.0,23.0,,19.0,51.0,27.0,31.0,29.0,19.0,27.0,26.0,21.0,28.0,15.0,16.0,26.0,35.0,35.0,22.0,14.0,21.0,,27.0,24.0,32.0,29.0,11.0,9.0,10.0,16,10.0
2018_12_02,38.0,36.0,36.0,27.0,31.0,56.0,37.0,47.0,39,47.0,49.0,41.0,25.0,35.0,53.0,75.0,31.0,36.0,40.0,24.0,38.0,30.0,32.0,18.0,35.0,12.0,,41.0,30.0,26.0,21.0,22.0,25.0,24.0,28.0,12.0,15.0,25.0,32.0,42.0,35.0,13.0,20.0,15.0,28.0,20.0,35.0,26.0,16.0,10.0,12.0,16,9.0
2018_12_03,29.0,29.0,31.0,27.0,25.0,57.0,32.0,34.0,35,39.0,43.0,30.0,20.0,36.0,47.0,81.0,25.0,30.0,38.0,27.0,41.0,40.0,38.0,20.0,40.0,12.0,51.0,43.0,35.0,34.0,23.0,27.0,27.0,22.0,28.0,14.0,17.0,23.0,34.0,48.0,39.0,9.0,19.0,11.0,36.0,25.0,34.0,33.0,13.0,8.0,14.0,17,10.0
2018_12_04,34.0,38.0,40.0,34.0,42.0,43.0,48.0,41.0,49,47.0,50.0,38.0,25.0,34.0,47.0,73.0,39.0,40.0,47.0,29.0,40.0,41.0,44.0,20.0,42.0,11.0,44.0,32.0,33.0,27.0,22.0,26.0,26.0,25.0,24.0,16.0,14.0,28.0,37.0,38.0,28.0,11.0,18.0,13.0,33.0,23.0,35.0,29.0,10.0,,8.0,12,6.0
2018_12_05,32.0,29.0,30.0,26.0,24.0,48.0,31.0,31.0,33,40.0,41.0,30.0,21.0,33.0,36.0,56.0,33.0,34.0,36.0,30.0,42.0,36.0,37.0,23.0,34.0,10.0,39.0,25.0,31.0,25.0,19.0,29.0,25.0,20.0,28.0,18.0,17.0,27.0,42.0,46.0,23.0,11.0,18.0,11.0,32.0,20.0,39.0,34.0,11.0,,9.0,12,7.0
2018_12_06,27.0,26.0,29.0,22.0,33.0,38.0,31.0,32.0,34,39.0,42.0,26.0,13.0,32.0,34.0,51.0,34.0,27.0,49.0,29.0,46.0,36.0,39.0,23.0,30.0,18.0,31.0,26.0,25.0,24.0,26.0,24.0,25.0,22.0,28.0,10.0,19.0,27.0,49.0,66.0,26.0,12.0,18.0,12.0,31.0,22.0,32.0,38.0,14.0,,9.0,13,9.0
2018_12_07,33.0,36.0,35.0,33.0,34.0,61.0,35.0,43.0,42,47.0,50.0,38.0,28.0,33.0,56.0,85.0,32.0,38.0,48.0,28.0,46.0,39.0,36.0,22.0,46.0,23.0,46.0,37.0,30.0,25.0,21.0,30.0,33.0,31.0,32.0,21.0,20.0,35.0,43.0,,37.0,16.0,24.0,13.0,41.0,30.0,41.0,37.0,9.0,,9.0,14,4.0
2018_12_08,22.0,21.0,22.0,18.0,39.0,23.0,23.0,23.0,26,36.0,28.0,19.0,10.0,24.0,31.0,33.0,18.0,23.0,40.0,28.0,22.0,21.0,27.0,21.0,21.0,30.0,27.0,22.0,25.0,17.0,15.0,19.0,41.0,47.0,46.0,33.0,27.0,38.0,30.0,,51.0,21.0,30.0,14.0,46.0,36.0,51.0,34.0,9.0,12.0,8.0,14,5.0
2018_12_09,21.0,24.0,26.0,24.0,28.0,26.0,28.0,31.0,32,41.0,33.0,21.0,13.0,28.0,26.0,39.0,22.0,17.0,31.0,18.0,20.0,19.0,22.0,13.0,27.0,16.0,32.0,24.0,18.0,21.0,17.0,26.0,36.0,31.0,27.0,19.0,14.0,23.0,17.0,6.0,34.0,15.0,24.0,10.0,31.0,23.0,22.0,23.0,5.0,11.0,14.0,12,5.0
2018_12_10,19.0,29.0,27.0,22.0,54.0,29.0,30.0,28.0,32,38.0,35.0,25.0,14.0,25.0,21.0,41.0,,21.0,26.0,22.0,23.0,22.0,27.0,14.0,18.0,28.0,29.0,20.0,15.0,16.0,12.0,19.0,19.0,19.0,17.0,10.0,8.0,17.0,16.0,19.0,24.0,14.0,20.0,6.0,22.0,17.0,11.0,30.0,11.0,15.0,10.0,13,5.0
2018_12_11,25.0,31.0,32.0,26.0,68.0,38.0,33.0,37.0,36,43.0,40.0,30.0,19.0,34.0,32.0,51.0,23.0,21.0,29.0,17.0,30.0,27.0,26.0,14.0,23.0,35.0,18.0,24.0,22.0,22.0,18.0,24.0,21.0,20.0,21.0,10.0,8.0,20.0,30.0,20.0,17.0,10.0,17.0,6.0,28.0,16.0,21.0,28.0,12.0,22.0,10.0,13,6.0
2018_12_12,18.0,22.0,24.0,21.0,42.0,25.0,25.0,26.0,30,32.0,32.0,24.0,12.0,23.0,28.0,43.0,21.0,18.0,24.0,20.0,33.0,27.0,21.0,14.0,25.0,31.0,27.0,20.0,23.0,18.0,14.0,16.0,18.0,20.0,17.0,10.0,8.0,16.0,23.0,19.0,20.0,9.0,14.0,8.0,24.0,18.0,17.0,26.0,7.0,26.0,11.0,11,6.0
2018_12_13,18.0,23.0,20.0,19.0,33.0,25.0,24.0,25.0,26,29.0,31.0,20.0,13.0,23.0,30.0,45.0,19.0,17.0,22.0,15.0,30.0,22.0,25.0,14.0,18.0,21.0,16.0,16.0,17.0,18.0,12.0,19.0,15.0,11.0,12.0,9.0,7.0,12.0,22.0,8.0,9.0,8.0,12.0,3.0,18.0,15.0,12.0,33.0,10.0,19.0,13.0,16,9.0
2018_12_14,19.0,24.0,25.0,23.0,34.0,31.0,28.0,30.0,34,34.0,30.0,22.0,16.0,23.0,30.0,47.0,21.0,20.0,22.0,21.0,31.0,28.0,26.0,19.0,16.0,18.0,21.0,19.0,19.0,19.0,12.0,18.0,17.0,15.0,13.0,9.0,7.0,13.0,34.0,8.0,7.0,7.0,10.0,5.0,21.0,16.0,13.0,33.0,9.0,22.0,16.0,17,9.0
2018_12_15,22.0,28.0,25.0,26.0,46.0,31.0,32.0,32.0,37,35.0,37.0,24.0,19.0,29.0,32.0,47.0,24.0,22.0,22.0,21.0,34.0,29.0,30.0,15.0,24.0,25.0,22.0,21.0,16.0,23.0,13.0,21.0,20.0,14.0,15.0,13.0,8.0,14.0,37.0,7.0,8.0,9.0,11.0,8.0,25.0,15.0,15.0,29.0,12.0,28.0,9.0,12,8.0
2018_12_16,21.0,26.0,23.0,25.0,38.0,27.0,27.0,29.0,35,30.0,33.0,23.0,17.0,32.0,,49.0,20.0,25.0,26.0,21.0,35.0,34.0,27.0,11.0,26.0,22.0,21.0,23.0,22.0,22.0,15.0,19.0,18.0,13.0,15.0,13.0,6.0,16.0,34.0,8.0,8.0,8.0,9.0,4.0,25.0,13.0,18.0,31.0,10.0,23.0,7.0,11,3.0
2018_12_17,22.0,23.0,22.0,22.0,17.0,27.0,23.0,24.0,28,29.0,32.0,22.0,19.0,27.0,,40.0,25.0,25.0,24.0,22.0,43.0,31.0,28.0,17.0,23.0,11.0,23.0,19.0,20.0,21.0,17.0,18.0,16.0,7.0,12.0,12.0,6.0,15.0,35.0,9.0,13.0,8.0,13.0,7.0,22.0,14.0,17.0,30.0,9.0,12.0,8.0,11,6.0
2018_12_18,24.0,28.0,26.0,24.0,39.0,31.0,25.0,29.0,35,30.0,35.0,25.0,23.0,29.0,,58.0,28.0,29.0,35.0,29.0,45.0,42.0,30.0,19.0,25.0,20.0,23.0,23.0,23.0,26.0,21.0,23.0,20.0,18.0,19.0,15.0,11.0,18.0,33.0,12.0,15.0,9.0,16.0,10.0,23.0,19.0,26.0,32.0,9.0,7.0,10.0,11,5.0
2018_12_19,43.0,41.0,43.0,38.0,54.0,69.0,38.0,57.0,48,54.0,57.0,48.0,43.0,42.0,,87.0,42.0,45.0,44.0,33.0,44.0,43.0,42.0,22.0,35.0,22.0,36.0,34.0,33.0,37.0,31.0,34.0,27.0,24.0,23.0,20.0,15.0,23.0,44.0,23.0,21.0,13.0,18.0,11.0,27.0,24.0,31.0,43.0,6.0,14.0,8.0,10,6.0
2018_12_20,72.0,60.0,64.0,61.0,59.0,97.0,59.0,88.0,73,96.0,97.0,71.0,76.0,67.0,,108.0,46.0,61.0,68.0,56.0,53.0,43.0,50.0,27.0,58.0,22.0,53.0,66.0,57.0,57.0,30.0,36.0,29.0,31.0,28.0,22.0,16.0,29.0,54.0,13.0,26.0,13.0,22.0,14.0,32.0,33.0,31.0,44.0,12.0,21.0,14.0,14,9.0
2018_12_21,67.0,65.0,63.0,57.0,59.0,81.0,50.0,72.0,81,96.0,84.0,55.0,56.0,53.0,,71.0,65.0,66.0,85.0,66.0,45.0,36.0,59.0,25.0,98.0,21.0,56.0,57.0,54.0,40.0,41.0,65.0,21.0,20.0,16.0,17.0,9.0,20.0,59.0,10.0,14.0,10.0,21.0,14.0,27.0,25.0,31.0,40.0,16.0,20.0,16.0,16,10.0
2018_12_22,57.0,51.0,45.0,45.0,64.0,56.0,39.0,55.0,59,59.0,72.0,49.0,82.0,51.0,,69.0,57.0,56.0,79.0,66.0,35.0,31.0,57.0,21.0,40.0,34.0,35.0,36.0,43.0,36.0,44.0,70.0,16.0,10.0,16.0,15.0,9.0,19.0,33.0,9.0,8.0,9.0,15.0,14.0,26.0,22.0,22.0,31.0,22.0,19.0,20.0,22,15.0
2018_12_23,47.0,54.0,48.0,44.0,68.0,52.0,37.0,48.0,55,51.0,57.0,40.0,47.0,52.0,,96.0,44.0,55.0,43.0,44.0,56.0,53.0,33.0,14.0,46.0,52.0,44.0,47.0,42.0,42.0,42.0,45.0,17.0,8.0,16.0,18.0,10.0,17.0,32.0,11.0,8.0,10.0,16.0,10.0,25.0,19.0,22.0,33.0,32.0,15.0,23.0,26,20.0
2018_12_24,36.0,40.0,39.0,40.0,62.0,46.0,33.0,52.0,49,52.0,50.0,36.0,40.0,44.0,,78.0,40.0,36.0,34.0,30.0,44.0,36.0,33.0,17.0,42.0,37.0,,29.0,31.0,33.0,21.0,28.0,21.0,16.0,20.0,18.0,7.0,17.0,41.0,14.0,13.0,10.0,19.0,12.0,31.0,26.0,20.0,43.0,30.0,10.0,23.0,24,20.0
2018_12_25,61.0,49.0,43.0,43.0,30.0,56.0,40.0,51.0,56,56.0,70.0,52.0,71.0,65.0,,74.0,40.0,46.0,52.0,42.0,46.0,43.0,41.0,18.0,38.0,14.0,35.0,40.0,36.0,41.0,25.0,36.0,23.0,16.0,23.0,21.0,10.0,24.0,53.0,21.0,20.0,8.0,18.0,13.0,29.0,33.0,25.0,33.0,33.0,12.0,14.0,16,14.0
2018_12_26,65.0,59.0,55.0,49.0,62.0,69.0,47.0,68.0,65,65.0,75.0,57.0,63.0,91.0,,72.0,48.0,60.0,67.0,45.0,43.0,35.0,48.0,20.0,57.0,40.0,66.0,58.0,63.0,54.0,30.0,45.0,19.0,15.0,21.0,21.0,14.0,30.0,40.0,20.0,,7.0,20.0,14.0,33.0,44.0,28.0,34.0,21.0,13.0,18.0,19,19.0
2018_12_27,60.0,61.0,55.0,49.0,46.0,71.0,44.0,68.0,66,69.0,74.0,57.0,66.0,78.0,,82.0,50.0,71.0,73.0,59.0,42.0,39.0,45.0,23.0,74.0,32.0,69.0,65.0,63.0,63.0,46.0,64.0,24.0,18.0,34.0,25.0,18.0,37.0,43.0,24.0,,10.0,25.0,15.0,39.0,41.0,29.0,36.0,19.0,9.0,20.0,22,11.0
2018_12_28,65.0,62.0,62.0,60.0,26.0,71.0,46.0,75.0,68,75.0,77.0,62.0,69.0,70.0,,96.0,52.0,68.0,60.0,56.0,60.0,56.0,31.0,22.0,66.0,30.0,60.0,67.0,63.0,62.0,38.0,54.0,30.0,28.0,42.0,26.0,19.0,35.0,59.0,21.0,21.0,14.0,23.0,18.0,41.0,35.0,29.0,41.0,22.0,8.0,13.0,16,10.0
2018_12_29,25.0,22.0,26.0,18.0,20.0,29.0,25.0,33.0,30,43.0,38.0,23.0,26.0,30.0,26.0,24.0,25.0,20.0,20.0,17.0,59.0,43.0,21.0,15.0,26.0,24.0,26.0,26.0,22.0,20.0,12.0,17.0,33.0,28.0,24.0,14.0,16.0,21.0,16.0,15.0,23.0,22.0,18.0,14.0,30.0,28.0,20.0,34.0,19.0,9.0,12.0,18,12.0
2018_12_30,14.0,19.0,20.0,19.0,22.0,21.0,24.0,25.0,26,31.0,28.0,13.0,18.0,21.0,16.0,29.0,16.0,13.0,12.0,16.0,24.0,14.0,18.0,12.0,21.0,21.0,17.0,15.0,15.0,13.0,11.0,11.0,21.0,16.0,14.0,10.0,7.0,12.0,13.0,10.0,17.0,20.0,15.0,9.0,17.0,15.0,12.0,19.0,16.0,9.0,12.0,16,10.0
2018_12_31,17.0,22.0,21.0,14.0,24.0,20.0,22.0,25.0,27,28.0,33.0,20.0,21.0,21.0,16.0,34.0,17.0,13.0,16.0,14.0,21.0,18.0,18.0,9.0,16.0,15.0,17.0,19.0,12.0,16.0,10.0,15.0,22.0,19.0,17.0,13.0,8.0,14.0,16.0,11.0,12.0,15.0,12.0,7.0,20.0,16.0,15.0,31.0,12.0,10.0,13.0,20,8.0
